"Date","Opponent","GF","GA","W","L","T","Streak","Result","HomeAway"
1979-10-10,"Chicago Black Hawks",2,4,0,1,0,"L 1","L","A"
1979-10-13,"Detroit Red Wings",3,3,0,1,1,"T 1","T","H"
1979-10-14,"Vancouver Canucks",4,4,0,1,2,"T 2","T","H"
1979-10-19,"Quebec Nordiques",6,3,1,1,2,"W 1","W","H"
1979-10-21,"Minnesota North Stars",5,5,1,1,3,"T 1","T","H"
1979-10-23,"New York Islanders",3,3,1,1,4,"T 2","T","A"
1979-10-24,"New York Rangers",2,10,1,2,4,"L 1","L","A"
1979-10-26,"Atlanta Flames",3,7,1,3,4,"L 2","L","A"
1979-10-28,"Washington Capitals",4,6,1,4,4,"L 3","L","H"
1979-10-30,"St. Louis Blues",1,2,1,5,4,"L 4","L","A"
1979-11-02,"New York Islanders",7,5,2,5,4,"W 1","W","H"
1979-11-04,"Boston Bruins",1,2,2,6,4,"L 1","L","H"
1979-11-07,"Detroit Red Wings",3,5,2,7,4,"L 2","L","A"
1979-11-08,"Boston Bruins",2,4,2,8,4,"L 3","L","A"
1979-11-11,"Toronto Maple Leafs",3,6,2,9,4,"L 4","L","H"
1979-11-13,"Washington Capitals",5,3,3,9,4,"W 1","W","A"
1979-11-15,"Philadelphia Flyers",3,5,3,10,4,"L 1","L","A"
1979-11-17,"Hartford Whalers",0,4,3,11,4,"L 2","L","A"
1979-11-18,"Buffalo Sabres",7,9,3,12,4,"L 3","L","A"
1979-11-21,"Toronto Maple Leafs",4,4,3,12,5,"T 1","T","A"
1979-11-24,"Philadelphia Flyers",2,2,3,12,6,"T 2","T","H"
1979-11-28,"Chicago Black Hawks",4,2,4,12,6,"W 1","W","H"
1979-11-30,"New York Islanders",5,3,5,12,6,"W 2","W","H"
1979-12-05,"Minnesota North Stars",1,6,5,13,6,"L 1","L","A"
1979-12-07,"Winnipeg Jets",3,8,5,14,6,"L 2","L","A"
1979-12-09,"Hartford Whalers",3,0,6,14,6,"W 1","W","H"
1979-12-12,"Atlanta Flames",5,5,6,14,7,"T 1","T","H"
1979-12-14,"Montreal Canadiens",5,3,7,14,7,"W 1","W","H"
1979-12-16,"Winnipeg Jets",3,4,7,15,7,"L 1","L","H"
1979-12-19,"Detroit Red Wings",4,6,7,16,7,"L 2","L","H"
1979-12-21,"Colorado Rockies",4,5,7,17,7,"L 3","L","A"
1979-12-22,"Los Angeles Kings",3,9,7,18,7,"L 4","L","A"
1979-12-26,"Colorado Rockies",4,3,8,18,7,"W 1","W","H"
1979-12-28,"Vancouver Canucks",5,3,9,18,7,"W 2","W","A"
1979-12-30,"Quebec Nordiques",1,2,9,19,7,"L 1","L","H"
1980-01-02,"Hartford Whalers",3,3,9,19,8,"T 1","T","H"
1980-01-05,"Los Angeles Kings",3,3,9,19,9,"T 2","T","H"
1980-01-07,"Montreal Canadiens",3,4,9,20,9,"L 1","L","A"
1980-01-09,"Quebec Nordiques",2,3,9,21,9,"L 2","L","A"
1980-01-11,"New York Rangers",2,6,9,22,9,"L 3","L","H"
1980-01-13,"Buffalo Sabres",6,5,10,22,9,"W 1","W","H"
1980-01-16,"Washington Capitals",5,2,11,22,9,"W 2","W","A"
1980-01-17,"Boston Bruins",1,7,11,23,9,"L 1","L","A"
1980-01-19,"Pittsburgh Penguins",5,2,12,23,9,"W 1","W","A"
1980-01-20,"Buffalo Sabres",4,4,12,23,10,"T 1","T","A"
1980-01-23,"Pittsburgh Penguins",4,3,13,23,10,"W 1","W","H"
1980-01-26,"Toronto Maple Leafs",8,3,14,23,10,"W 2","W","H"
1980-01-27,"Philadelphia Flyers",3,5,14,24,10,"L 1","L","H"
1980-01-29,"St. Louis Blues",2,3,14,25,10,"L 2","L","A"
1980-01-30,"Los Angeles Kings",8,1,15,25,10,"W 1","W","A"
1980-02-01,"Winnipeg Jets",9,2,16,25,10,"W 2","W","H"
1980-02-03,"Los Angeles Kings",5,3,17,25,10,"W 3","W","H"
1980-02-06,"St. Louis Blues",3,6,17,26,10,"L 1","L","H"
1980-02-08,"Atlanta Flames",2,4,17,27,10,"L 2","L","H"
1980-02-10,"Winnipeg Jets",2,2,17,27,11,"T 1","T","A"
1980-02-13,"Minnesota North Stars",5,3,18,27,11,"W 1","W","A"
1980-02-15,"Washington Capitals",8,2,19,27,11,"W 2","W","H"
1980-02-17,"St. Louis Blues",5,5,19,27,12,"T 1","T","H"
1980-02-19,"Hartford Whalers",2,6,19,28,12,"L 1","L","A"
1980-02-20,"New York Rangers",1,4,19,29,12,"L 2","L","A"
1980-02-22,"Colorado Rockies",1,3,19,30,12,"L 3","L","A"
1980-02-24,"Boston Bruins",2,4,19,31,12,"L 4","L","H"
1980-02-27,"Chicago Black Hawks",5,2,20,31,12,"W 1","W","A"
1980-02-29,"Buffalo Sabres",2,4,20,32,12,"L 1","L","H"
1980-03-01,"Vancouver Canucks",2,5,20,33,12,"L 2","L","H"
1980-03-04,"New York Islanders",4,6,20,34,12,"L 3","L","A"
1980-03-06,"Montreal Canadiens",4,5,20,35,12,"L 4","L","A"
1980-03-08,"Pittsburgh Penguins",4,5,20,36,12,"L 5","L","A"
1980-03-09,"Philadelphia Flyers",3,5,20,37,12,"L 6","L","A"
1980-03-12,"Quebec Nordiques",6,3,21,37,12,"W 1","W","A"
1980-03-14,"Chicago Black Hawks",6,4,22,37,12,"W 2","W","H"
1980-03-15,"Montreal Canadiens",3,7,22,38,12,"L 1","L","H"
1980-03-19,"New York Rangers",4,2,23,38,12,"W 1","W","H"
1980-03-21,"Pittsburgh Penguins",9,2,24,38,12,"W 2","W","H"
1980-03-25,"Atlanta Flames",5,4,25,38,12,"W 3","W","A"
1980-03-26,"Detroit Red Wings",5,2,26,38,12,"W 4","W","A"
1980-03-29,"Toronto Maple Leafs",8,5,27,38,12,"W 5","W","A"
1980-04-01,"Vancouver Canucks",0,5,27,39,12,"L 1","L","A"
1980-04-02,"Minnesota North Stars",1,1,27,39,13,"T 1","T","H"
1980-04-04,"Colorado Rockies",6,2,28,39,13,"W 1","W","H"
1980-10-10,"Quebec Nordiques",4,7,0,1,0,"L 1","L","H"
1980-10-12,"Colorado Rockies",2,3,0,2,0,"L 2","L","H"
1980-10-15,"Buffalo Sabres",0,2,0,3,0,"L 3","L","A"
1980-10-18,"New York Islanders",5,5,0,3,1,"T 1","T","A"
1980-10-19,"New York Rangers",4,2,1,3,1,"W 1","W","A"
1980-10-22,"Calgary Flames",5,3,2,3,1,"W 2","W","H"
1980-10-24,"Minnesota North Stars",2,4,2,4,1,"L 1","L","H"
1980-10-26,"Los Angeles Kings",4,4,2,4,2,"T 1","T","H"
1980-10-29,"Toronto Maple Leafs",4,4,2,4,3,"T 2","T","H"
1980-11-01,"Washington Capitals",2,2,2,4,4,"T 3","T","H"
1980-11-03,"Pittsburgh Penguins",4,4,2,4,5,"T 4","T","H"
1980-11-05,"Vancouver Canucks",3,4,2,5,5,"L 1","L","A"
1980-11-07,"Winnipeg Jets",4,2,3,5,5,"W 1","W","A"
1980-11-09,"St. Louis Blues",4,6,3,6,5,"L 1","L","H"
1980-11-13,"Philadelphia Flyers",1,8,3,7,5,"L 2","L","A"
1980-11-15,"Toronto Maple Leafs",2,4,3,8,5,"L 3","L","A"
1980-11-16,"Chicago Black Hawks",5,4,4,8,5,"W 1","W","A"
1980-11-19,"Vancouver Canucks",4,6,4,9,5,"L 1","L","H"
1980-11-23,"Buffalo Sabres",6,3,5,9,5,"W 1","W","H"
1980-11-25,"Colorado Rockies",3,4,5,10,5,"L 1","L","A"
1980-11-26,"Chicago Black Hawks",10,3,6,10,5,"W 1","W","H"
1980-11-28,"Hartford Whalers",4,6,6,11,5,"L 1","L","A"
1980-11-29,"Boston Bruins",3,6,6,12,5,"L 2","L","A"
1980-12-05,"New York Rangers",1,5,6,13,5,"L 3","L","H"
1980-12-07,"Hartford Whalers",6,4,7,13,5,"W 1","W","H"
1980-12-10,"New York Islanders",2,3,7,14,5,"L 1","L","H"
1980-12-13,"Montreal Canadiens",1,4,7,15,5,"L 2","L","A"
1980-12-14,"Quebec Nordiques",5,6,7,16,5,"L 3","L","A"
1980-12-16,"Detroit Red Wings",3,4,7,17,5,"L 4","L","A"
1980-12-17,"Washington Capitals",2,5,7,18,5,"L 5","L","A"
1980-12-20,"Montreal Canadiens",4,3,8,18,5,"W 1","W","H"
1980-12-23,"Los Angeles Kings",4,7,8,19,5,"L 1","L","A"
1980-12-27,"Detroit Red Wings",4,4,8,19,6,"T 1","T","H"
1980-12-28,"Philadelphia Flyers",1,2,8,20,6,"L 1","L","H"
1980-12-30,"Calgary Flames",3,5,8,21,6,"L 2","L","A"
1981-01-02,"Boston Bruins",7,5,9,21,6,"W 1","W","H"
1981-01-03,"Toronto Maple Leafs",4,1,10,21,6,"W 2","W","H"
1981-01-07,"Washington Capitals",6,3,11,21,6,"W 3","W","H"
1981-01-09,"Hartford Whalers",6,6,11,21,7,"T 1","T","H"
1981-01-11,"Quebec Nordiques",6,3,12,21,7,"W 1","W","A"
1981-01-12,"Montreal Canadiens",0,5,12,22,7,"L 1","L","A"
1981-01-14,"Toronto Maple Leafs",7,4,13,22,7,"W 1","W","A"
1981-01-16,"Buffalo Sabres",5,5,13,22,8,"T 1","T","A"
1981-01-17,"St. Louis Blues",6,7,13,23,8,"L 1","L","A"
1981-01-21,"Vancouver Canucks",5,1,14,23,8,"W 1","W","H"
1981-01-23,"New York Rangers",4,7,14,24,8,"L 1","L","H"
1981-01-24,"Minnesota North Stars",1,6,14,25,8,"L 2","L","A"
1981-01-28,"Montreal Canadiens",9,1,15,25,8,"W 1","W","H"
1981-01-30,"Chicago Black Hawks",4,2,16,25,8,"W 2","W","H"
1981-02-01,"Washington Capitals",4,7,16,26,8,"L 1","L","A"
1981-02-03,"St. Louis Blues",3,3,16,26,9,"T 1","T","A"
1981-02-04,"Chicago Black Hawks",3,6,16,27,9,"L 1","L","A"
1981-02-06,"Winnipeg Jets",10,4,17,27,9,"W 1","W","H"
1981-02-08,"Calgary Flames",4,10,17,28,9,"L 1","L","H"
1981-02-13,"Quebec Nordiques",2,4,17,29,9,"L 2","L","H"
1981-02-15,"Buffalo Sabres",2,2,17,29,10,"T 1","T","H"
1981-02-18,"St. Louis Blues",9,2,18,29,10,"W 1","W","H"
1981-02-20,"Boston Bruins",1,5,18,30,10,"L 1","L","H"
1981-02-21,"Winnipeg Jets",5,1,19,30,10,"W 1","W","A"
1981-02-24,"Los Angeles Kings",2,5,19,31,10,"L 1","L","A"
1981-02-25,"Philadelphia Flyers",6,2,20,31,10,"W 1","W","H"
1981-02-27,"Detroit Red Wings",5,2,21,31,10,"W 2","W","H"
1981-02-28,"Colorado Rockies",1,3,21,32,10,"L 1","L","A"
1981-03-03,"New York Islanders",8,8,21,32,11,"T 1","T","A"
1981-03-04,"New York Rangers",5,5,21,32,12,"T 2","T","A"
1981-03-07,"Philadelphia Flyers",5,3,22,32,12,"W 1","W","A"
1981-03-08,"Pittsburgh Penguins",4,6,22,33,12,"L 1","L","A"
1981-03-12,"New York Islanders",0,5,22,34,12,"L 2","L","H"
1981-03-15,"Calgary Flames",3,3,22,34,13,"T 1","T","A"
1981-03-16,"Pittsburgh Penguins",7,6,23,34,13,"W 1","W","H"
1981-03-18,"Minnesota North Stars",5,3,24,34,13,"W 2","W","A"
1981-03-20,"Minnesota North Stars",1,1,24,34,14,"T 1","T","H"
1981-03-21,"Los Angeles Kings",6,6,24,34,15,"T 2","T","H"
1981-03-23,"Boston Bruins",2,7,24,35,15,"L 1","L","A"
1981-03-25,"Hartford Whalers",7,2,25,35,15,"W 1","W","A"
1981-03-28,"Detroit Red Wings",4,2,26,35,15,"W 2","W","A"
1981-03-29,"Pittsburgh Penguins",5,2,27,35,15,"W 3","W","A"
1981-04-01,"Colorado Rockies",4,4,27,35,16,"T 1","T","H"
1981-04-03,"Vancouver Canucks",7,2,28,35,16,"W 1","W","A"
1981-04-04,"Winnipeg Jets",7,2,29,35,16,"W 2","W","H"
1981-10-07,"Colorado Rockies",7,4,1,0,0,"W 1","W","H"
1981-10-09,"Vancouver Canucks",2,6,1,1,0,"L 1","L","A"
1981-10-10,"Los Angeles Kings",7,4,2,1,0,"W 1","W","A"
1981-10-14,"Winnipeg Jets",2,4,2,2,0,"L 1","L","H"
1981-10-16,"Calgary Flames",8,4,3,2,0,"W 1","W","H"
1981-10-18,"Chicago Black Hawks",5,7,3,3,0,"L 1","L","A"
1981-10-20,"Calgary Flames",5,4,4,3,0,"W 1","W","A"
1981-10-21,"Hartford Whalers",5,2,5,3,0,"W 2","W","H"
1981-10-23,"Pittsburgh Penguins",8,3,6,3,0,"W 3","W","H"
1981-10-24,"Colorado Rockies",3,1,7,3,0,"W 4","W","A"
1981-10-27,"New York Islanders",3,4,7,4,0,"L 1","L","A"
1981-10-28,"New York Rangers",5,3,8,4,0,"W 1","W","A"
1981-10-31,"Quebec Nordiques",11,4,9,4,0,"W 2","W","H"
1981-11-04,"Toronto Maple Leafs",6,4,10,4,0,"W 3","W","H"
1981-11-07,"Colorado Rockies",4,5,10,5,0,"L 1","L","H"
1981-11-11,"Hartford Whalers",4,4,10,5,1,"T 1","T","A"
1981-11-12,"Boston Bruins",2,5,10,6,1,"L 1","L","A"
1981-11-14,"New York Islanders",5,5,10,6,2,"T 1","T","A"
1981-11-15,"New York Rangers",5,3,11,6,2,"W 1","W","A"
1981-11-17,"St. Louis Blues",5,1,12,6,2,"W 2","W","A"
1981-11-19,"Minnesota North Stars",2,2,12,6,3,"T 1","T","A"
1981-11-21,"Vancouver Canucks",8,3,13,6,3,"W 1","W","H"
1981-11-23,"Detroit Red Wings",8,4,14,6,3,"W 2","W","H"
1981-11-25,"Los Angeles Kings",11,4,15,6,3,"W 3","W","H"
1981-11-27,"Chicago Black Hawks",8,1,16,6,3,"W 4","W","H"
1981-11-29,"Winnipeg Jets",10,2,17,6,3,"W 5","W","A"
1981-12-01,"Montreal Canadiens",3,3,17,6,4,"T 1","T","A"
1981-12-02,"Quebec Nordiques",8,9,17,7,4,"L 1","L","A"
1981-12-04,"Vancouver Canucks",7,3,18,7,4,"W 1","W","H"
1981-12-05,"Vancouver Canucks",3,3,18,7,5,"T 1","T","A"
1981-12-09,"Los Angeles Kings",5,5,18,7,6,"T 2","T","A"
1981-12-13,"New York Islanders",4,3,19,7,6,"W 1","W","H"
1981-12-16,"Colorado Rockies",7,4,20,7,6,"W 2","W","A"
1981-12-17,"Calgary Flames",5,4,21,7,6,"W 3","W","A"
1981-12-19,"Minnesota North Stars",9,6,22,7,6,"W 4","W","H"
1981-12-20,"Calgary Flames",5,7,22,8,6,"L 1","L","H"
1981-12-23,"Vancouver Canucks",6,1,23,8,6,"W 1","W","H"
1981-12-27,"Los Angeles Kings",10,3,24,8,6,"W 2","W","H"
1981-12-30,"Philadelphia Flyers",7,5,25,8,6,"W 3","W","H"
1981-12-31,"Vancouver Canucks",1,3,25,9,6,"L 1","L","A"
1982-01-02,"Boston Bruins",4,4,25,9,7,"T 1","T","H"
1982-01-06,"Colorado Rockies",5,3,26,9,7,"W 1","W","H"
1982-01-09,"Calgary Flames",7,2,27,9,7,"W 2","W","H"
1982-01-10,"Calgary Flames",1,5,27,10,7,"L 1","L","A"
1982-01-13,"Washington Capitals",6,6,27,10,8,"T 1","T","A"
1982-01-14,"Philadelphia Flyers",2,8,27,11,8,"L 1","L","A"
1982-01-16,"Toronto Maple Leafs",1,7,27,12,8,"L 2","L","A"
1982-01-17,"Detroit Red Wings",4,4,27,12,9,"T 1","T","A"
1982-01-20,"St. Louis Blues",8,6,28,12,9,"W 1","W","H"
1982-01-22,"Vancouver Canucks",4,3,29,12,9,"W 2","W","A"
1982-01-24,"Colorado Rockies",7,4,30,12,9,"W 3","W","H"
1982-01-26,"St. Louis Blues",6,4,31,12,9,"W 4","W","A"
1982-01-27,"Chicago Black Hawks",3,3,31,12,10,"T 1","T","A"
1982-01-29,"Buffalo Sabres",3,1,32,12,10,"W 1","W","H"
1982-01-31,"Philadelphia Flyers",7,4,33,12,10,"W 2","W","H"
1982-02-03,"Montreal Canadiens",3,6,33,13,10,"L 1","L","H"
1982-02-06,"Toronto Maple Leafs",5,1,34,13,10,"W 1","W","H"
1982-02-07,"New York Rangers",8,4,35,13,10,"W 2","W","H"
1982-02-12,"Washington Capitals",5,3,36,13,10,"W 3","W","H"
1982-02-14,"Boston Bruins",2,2,36,13,11,"T 1","T","H"
1982-02-17,"Minnesota North Stars",7,4,37,13,11,"W 1","W","H"
1982-02-19,"Hartford Whalers",7,4,38,13,11,"W 2","W","H"
1982-02-21,"Detroit Red Wings",7,3,39,13,11,"W 3","W","A"
1982-02-24,"Buffalo Sabres",6,3,40,13,11,"W 4","W","A"
1982-02-27,"Pittsburgh Penguins",4,1,41,13,11,"W 5","W","A"
1982-02-28,"Washington Capitals",4,1,42,13,11,"W 6","W","A"
1982-03-02,"Montreal Canadiens",3,3,42,13,12,"T 1","T","A"
1982-03-03,"Quebec Nordiques",4,6,42,14,12,"L 1","L","A"
1982-03-06,"Colorado Rockies",2,5,42,15,12,"L 2","L","A"
1982-03-10,"Los Angeles Kings",2,3,42,16,12,"L 3","L","A"
1982-03-12,"Buffalo Sabres",2,3,42,17,12,"L 4","L","H"
1982-03-13,"Vancouver Canucks",5,3,43,17,12,"W 1","W","H"
1982-03-15,"Los Angeles Kings",3,3,43,17,13,"T 1","T","H"
1982-03-17,"Pittsburgh Penguins",10,4,44,17,13,"W 1","W","H"
1982-03-19,"Calgary Flames",3,3,44,17,14,"T 1","T","H"
1982-03-25,"Calgary Flames",7,2,45,17,14,"W 1","W","A"
1982-03-26,"Colorado Rockies",6,6,45,17,15,"T 1","T","A"
1982-03-28,"Los Angeles Kings",6,2,46,17,15,"W 1","W","A"
1982-03-31,"Los Angeles Kings",7,3,47,17,15,"W 2","W","H"
1982-04-04,"Winnipeg Jets",2,1,48,17,15,"W 3","W","H"
1982-10-05,"Calgary Flames",7,5,1,0,0,"W 1","W","H"
1982-10-08,"New York Islanders",4,6,1,1,0,"L 1","L","H"
1982-10-09,"Vancouver Canucks",6,3,2,1,0,"W 1","W","A"
1982-10-12,"Calgary Flames",4,9,2,2,0,"L 1","L","A"
1982-10-14,"Hartford Whalers",4,4,2,2,1,"T 1","T","A"
1982-10-16,"Boston Bruins",6,6,2,2,2,"T 2","T","A"
1982-10-17,"Buffalo Sabres",4,6,2,3,2,"L 1","L","A"
1982-10-20,"Hartford Whalers",4,2,3,3,2,"W 1","W","H"
1982-10-21,"Boston Bruins",3,5,3,4,2,"L 1","L","H"
1982-10-24,"Winnipeg Jets",5,9,3,5,2,"L 2","L","A"
1982-10-27,"Chicago Black Hawks",4,4,3,5,3,"T 1","T","H"
1982-10-29,"Los Angeles Kings",6,3,4,5,3,"W 1","W","H"
1982-10-31,"Vancouver Canucks",2,3,4,6,3,"L 1","L","H"
1982-11-03,"Winnipeg Jets",7,2,5,6,3,"W 1","W","H"
1982-11-05,"New York Rangers",5,1,6,6,3,"W 2","W","H"
1982-11-08,"Quebec Nordiques",5,5,6,6,4,"T 1","T","A"
1982-11-10,"Pittsburgh Penguins",4,5,6,7,4,"L 1","L","A"
1982-11-11,"New Jersey Devils",5,1,7,7,4,"W 1","W","A"
1982-11-13,"Philadelphia Flyers",4,3,8,7,4,"W 2","W","A"
1982-11-14,"New York Rangers",7,2,9,7,4,"W 3","W","A"
1982-11-16,"New York Islanders",2,4,9,8,4,"L 1","L","A"
1982-11-20,"Vancouver Canucks",3,3,9,8,5,"T 1","T","H"
1982-11-21,"Quebec Nordiques",7,9,9,9,5,"L 1","L","H"
1982-11-24,"Washington Capitals",3,3,9,9,6,"T 1","T","H"
1982-11-26,"Winnipeg Jets",6,5,10,9,6,"W 1","W","A"
1982-11-28,"Detroit Red Wings",7,5,11,9,6,"W 2","W","A"
1982-12-01,"Philadelphia Flyers",2,4,11,10,6,"L 1","L","H"
1982-12-04,"Calgary Flames",7,5,12,10,6,"W 1","W","H"
1982-12-05,"Los Angeles Kings",7,3,13,10,6,"W 2","W","H"
1982-12-07,"St. Louis Blues",3,2,14,10,6,"W 3","W","H"
1982-12-09,"Los Angeles Kings",3,3,14,10,7,"T 1","T","A"
1982-12-11,"Minnesota North Stars",4,5,14,11,7,"L 1","L","A"
1982-12-17,"New Jersey Devils",10,4,15,11,7,"W 1","W","H"
1982-12-19,"Montreal Canadiens",5,2,16,11,7,"W 2","W","H"
1982-12-22,"Minnesota North Stars",8,2,17,11,7,"W 3","W","H"
1982-12-23,"Los Angeles Kings",6,2,18,11,7,"W 4","W","A"
1982-12-26,"Calgary Flames",4,4,18,11,8,"T 1","T","A"
1982-12-29,"Chicago Black Hawks",6,8,18,12,8,"L 1","L","H"
1982-12-31,"Vancouver Canucks",8,1,19,12,8,"W 1","W","A"
1983-01-01,"Winnipeg Jets",5,3,20,12,8,"W 2","W","H"
1983-01-04,"Calgary Flames",6,3,21,12,8,"W 3","W","A"
1983-01-05,"Winnipeg Jets",8,3,22,12,8,"W 4","W","A"
1983-01-07,"Pittsburgh Penguins",7,2,23,12,8,"W 5","W","H"
1983-01-09,"Detroit Red Wings",3,4,23,13,8,"L 1","L","H"
1983-01-11,"St. Louis Blues",7,5,24,13,8,"W 1","W","A"
1983-01-12,"Chicago Black Hawks",10,4,25,13,8,"W 2","W","A"
1983-01-15,"Minnesota North Stars",10,4,26,13,8,"W 3","W","A"
1983-01-18,"Los Angeles Kings",3,3,26,13,9,"T 1","T","A"
1983-01-19,"Vancouver Canucks",9,4,27,13,9,"W 1","W","H"
1983-01-22,"Vancouver Canucks",3,4,27,14,9,"L 1","L","A"
1983-01-23,"Los Angeles Kings",8,6,28,14,9,"W 1","W","H"
1983-01-26,"Toronto Maple Leafs",6,6,28,14,10,"T 1","T","H"
1983-01-29,"Calgary Flames",5,4,29,14,10,"W 1","W","H"
1983-01-30,"New York Islanders",2,4,29,15,10,"L 1","L","H"
1983-02-03,"Los Angeles Kings",4,7,29,16,10,"L 2","L","H"
1983-02-04,"Montreal Canadiens",7,3,30,16,10,"W 1","W","H"
1983-02-11,"Quebec Nordiques",7,3,31,16,10,"W 2","W","H"
1983-02-14,"Montreal Canadiens",2,4,31,17,10,"L 1","L","A"
1983-02-17,"Philadelphia Flyers",3,7,31,18,10,"L 2","L","A"
1983-02-19,"Pittsburgh Penguins",10,7,32,18,10,"W 1","W","A"
1983-02-20,"Buffalo Sabres",5,4,33,18,10,"W 2","W","A"
1983-02-22,"Calgary Flames",1,4,33,19,10,"L 1","L","A"
1983-02-23,"Washington Capitals",6,3,34,19,10,"W 1","W","H"
1983-02-25,"St. Louis Blues",5,5,34,19,11,"T 1","T","H"
1983-02-27,"Winnipeg Jets",3,0,35,19,11,"W 1","W","H"
1983-03-01,"New Jersey Devils",4,3,36,19,11,"W 2","W","A"
1983-03-02,"Washington Capitals",5,3,37,19,11,"W 3","W","A"
1983-03-05,"Toronto Maple Leafs",6,3,38,19,11,"W 4","W","A"
1983-03-06,"Boston Bruins",2,5,38,20,11,"L 1","L","A"
1983-03-08,"Hartford Whalers",9,4,39,20,11,"W 1","W","A"
1983-03-11,"New York Rangers",3,1,40,20,11,"W 2","W","H"
1983-03-13,"Buffalo Sabres",6,2,41,20,11,"W 3","W","H"
1983-03-16,"Vancouver Canucks",4,3,42,20,11,"W 4","W","H"
1983-03-19,"Detroit Red Wings",9,7,43,20,11,"W 5","W","H"
1983-03-21,"Toronto Maple Leafs",4,1,44,20,11,"W 6","W","A"
1983-03-23,"Winnipeg Jets",4,7,44,21,11,"L 1","L","A"
1983-03-26,"Los Angeles Kings",9,3,45,21,11,"W 1","W","A"
1983-03-29,"Vancouver Canucks",7,4,46,21,11,"W 2","W","A"
1983-04-01,"Winnipeg Jets",7,2,47,21,11,"W 3","W","H"
1983-04-03,"Calgary Flames",3,3,47,21,12,"T 1","T","H"
1983-10-05,"Toronto Maple Leafs",5,4,1,0,0,"W 1","W","H"
1983-10-07,"Winnipeg Jets",8,6,2,0,0,"W 2","W","A"
1983-10-09,"Minnesota North Stars",4,3,3,0,0,"W 3","OTW","H"
1983-10-12,"Detroit Red Wings",8,3,4,0,0,"W 4","W","H"
1983-10-15,"Calgary Flames",4,3,5,0,0,"W 5","W","A"
1983-10-16,"Calgary Flames",5,1,6,0,0,"W 6","W","H"
1983-10-19,"Vancouver Canucks",10,7,7,0,0,"W 7","W","A"
1983-10-20,"Los Angeles Kings",2,7,7,1,0,"L 1","L","A"
1983-10-22,"Vancouver Canucks",5,5,7,1,1,"T 1","T","H"
1983-10-26,"Toronto Maple Leafs",3,8,7,2,1,"L 1","L","A"
1983-10-29,"Montreal Canadiens",3,1,8,2,1,"W 1","W","A"
1983-10-30,"New York Rangers",5,4,9,2,1,"W 2","OTW","A"
1983-11-02,"Washington Capitals",11,3,10,2,1,"W 3","W","H"
1983-11-05,"Pittsburgh Penguins",7,3,11,2,1,"W 4","W","H"
1983-11-06,"Winnipeg Jets",8,5,12,2,1,"W 5","W","A"
1983-11-08,"Quebec Nordiques",7,4,13,2,1,"W 6","W","A"
1983-11-09,"Washington Capitals",7,4,14,2,1,"W 7","W","A"
1983-11-12,"Detroit Red Wings",7,3,15,2,1,"W 8","W","A"
1983-11-13,"Chicago Black Hawks",3,5,15,3,1,"L 1","L","A"
1983-11-18,"Buffalo Sabres",7,0,16,3,1,"W 1","W","H"
1983-11-19,"New Jersey Devils",13,4,17,3,1,"W 2","W","H"
1983-11-21,"Winnipeg Jets",7,6,18,3,1,"W 3","W","H"
1983-11-23,"Los Angeles Kings",7,3,19,3,1,"W 4","W","A"
1983-11-25,"Minnesota North Stars",2,2,19,3,2,"T 1","T","A"
1983-11-26,"St. Louis Blues",6,8,19,4,2,"L 1","L","A"
1983-11-30,"Philadelphia Flyers",3,3,19,4,3,"T 1","T","H"
1983-12-03,"Los Angeles Kings",7,3,20,4,3,"W 1","W","H"
1983-12-04,"New York Islanders",2,4,20,5,3,"L 1","L","H"
1983-12-07,"Vancouver Canucks",5,4,21,5,3,"W 1","W","H"
1983-12-10,"Vancouver Canucks",2,3,21,6,3,"L 1","L","A"
1983-12-13,"New York Islanders",5,8,21,7,3,"L 2","L","A"
1983-12-14,"New York Rangers",9,4,22,7,3,"W 1","W","A"
1983-12-17,"Quebec Nordiques",8,1,23,7,3,"W 2","W","H"
1983-12-18,"Winnipeg Jets",7,5,24,7,3,"W 3","W","A"
1983-12-21,"Winnipeg Jets",7,4,25,7,3,"W 4","W","H"
1983-12-23,"Calgary Flames",5,5,25,7,4,"T 1","T","H"
1983-12-26,"Calgary Flames",6,3,26,7,4,"W 1","W","A"
1983-12-28,"Vancouver Canucks",4,2,27,7,4,"W 2","W","A"
1983-12-30,"Boston Bruins",2,0,28,7,4,"W 3","W","H"
1984-01-03,"Calgary Flames",9,6,29,7,4,"W 4","W","A"
1984-01-04,"Minnesota North Stars",12,8,30,7,4,"W 5","W","H"
1984-01-07,"Hartford Whalers",5,3,31,7,4,"W 6","W","H"
1984-01-09,"Detroit Red Wings",7,3,32,7,4,"W 7","W","A"
1984-01-11,"Chicago Black Hawks",5,3,33,7,4,"W 8","W","A"
1984-01-13,"Buffalo Sabres",1,3,33,8,4,"L 1","L","A"
1984-01-15,"New Jersey Devils",5,4,34,8,4,"W 1","W","A"
1984-01-18,"Vancouver Canucks",7,5,35,8,4,"W 2","W","H"
1984-01-20,"Los Angeles Kings",7,5,36,8,4,"W 3","W","H"
1984-01-21,"Los Angeles Kings",6,3,37,8,4,"W 4","W","A"
1984-01-25,"Vancouver Canucks",6,4,38,8,4,"W 5","W","A"
1984-01-27,"New Jersey Devils",3,3,38,8,5,"T 1","T","H"
1984-01-28,"Los Angeles Kings",2,4,38,9,5,"L 1","L","H"
1984-02-03,"Calgary Flames",10,5,39,9,5,"W 1","W","H"
1984-02-05,"Washington Capitals",2,9,39,10,5,"L 1","L","A"
1984-02-07,"New York Islanders",3,5,39,11,5,"L 2","L","A"
1984-02-09,"Philadelphia Flyers",3,4,39,12,5,"L 3","L","A"
1984-02-11,"Boston Bruins",1,4,39,13,5,"L 4","L","A"
1984-02-12,"Hartford Whalers",0,11,39,14,5,"L 5","L","A"
1984-02-15,"Winnipeg Jets",7,4,40,14,5,"W 1","W","H"
1984-02-17,"Boston Bruins",5,2,41,14,5,"W 2","W","H"
1984-02-19,"Pittsburgh Penguins",7,3,42,14,5,"W 3","W","H"
1984-02-21,"St. Louis Blues",6,5,43,14,5,"W 4","W","A"
1984-02-22,"Pittsburgh Penguins",9,2,44,14,5,"W 5","W","A"
1984-02-24,"Calgary Flames",5,3,45,14,5,"W 6","W","H"
1984-02-25,"Toronto Maple Leafs",8,3,46,14,5,"W 7","W","H"
1984-02-27,"Winnipeg Jets",6,5,47,14,5,"W 8","OTW","A"
1984-02-29,"Philadelphia Flyers",3,5,47,15,5,"L 1","L","H"
1984-03-04,"Montreal Canadiens",6,1,48,15,5,"W 1","W","H"
1984-03-07,"Chicago Black Hawks",7,4,49,15,5,"W 2","W","H"
1984-03-10,"New York Rangers",2,3,49,16,5,"L 1","L","H"
1984-03-11,"Vancouver Canucks",12,2,50,16,5,"W 1","W","H"
1984-03-13,"Quebec Nordiques",6,5,51,16,5,"W 2","OTW","A"
1984-03-15,"Montreal Canadiens",2,3,51,17,5,"L 1","L","A"
1984-03-17,"Los Angeles Kings",9,1,52,17,5,"W 1","W","H"
1984-03-18,"Buffalo Sabres",4,3,53,17,5,"W 2","W","H"
1984-03-21,"Hartford Whalers",5,3,54,17,5,"W 3","W","H"
1984-03-24,"St. Louis Blues",1,7,54,18,5,"L 1","L","H"
1984-03-25,"Winnipeg Jets",3,2,55,18,5,"W 1","W","H"
1984-03-27,"Calgary Flames",9,2,56,18,5,"W 2","W","A"
1984-03-31,"Los Angeles Kings",4,3,57,18,5,"W 3","W","A"
1984-10-11,"Los Angeles Kings",2,2,0,0,1,"T 1","T","A"
1984-10-12,"St. Louis Blues",5,1,1,0,1,"W 1","W","H"
1984-10-14,"Quebec Nordiques",9,2,2,0,1,"W 2","W","H"
1984-10-16,"Boston Bruins",7,2,3,0,1,"W 3","W","H"
1984-10-18,"Minnesota North Stars",7,5,4,0,1,"W 4","W","A"
1984-10-19,"Winnipeg Jets",7,4,5,0,1,"W 5","W","A"
1984-10-21,"Calgary Flames",6,4,6,0,1,"W 6","W","H"
1984-10-24,"Washington Capitals",3,3,6,0,2,"T 1","T","H"
1984-10-26,"Los Angeles Kings",8,2,7,0,2,"W 1","W","H"
1984-10-30,"Vancouver Canucks",7,0,8,0,2,"W 2","W","H"
1984-11-02,"Chicago Black Hawks",4,2,9,0,2,"W 3","W","H"
1984-11-04,"Winnipeg Jets",2,1,10,0,2,"W 4","W","A"
1984-11-06,"Pittsburgh Penguins",3,3,10,0,3,"T 1","T","A"
1984-11-08,"New Jersey Devils",3,2,11,0,3,"W 1","W","A"
1984-11-09,"Washington Capitals",8,5,12,0,3,"W 2","W","A"
1984-11-11,"Philadelphia Flyers",5,7,12,1,3,"L 1","L","A"
1984-11-14,"Montreal Canadiens",2,4,12,2,3,"L 2","L","H"
1984-11-15,"Calgary Flames",2,6,12,3,3,"L 3","L","A"
1984-11-17,"Vancouver Canucks",7,0,13,3,3,"W 1","W","H"
1984-11-21,"Winnipeg Jets",7,5,14,3,3,"W 2","W","H"
1984-11-24,"St. Louis Blues",7,6,15,3,3,"W 3","W","H"
1984-11-27,"Toronto Maple Leafs",7,1,16,3,3,"W 4","W","A"
1984-11-29,"Boston Bruins",4,2,17,3,3,"W 5","W","A"
1984-11-30,"Hartford Whalers",4,2,18,3,3,"W 6","W","A"
1984-12-05,"New York Islanders",6,4,19,3,3,"W 7","W","H"
1984-12-07,"Minnesota North Stars",6,3,20,3,3,"W 8","W","H"
1984-12-08,"Vancouver Canucks",2,3,20,4,3,"L 1","OTL","A"
1984-12-13,"Los Angeles Kings",2,7,20,5,3,"L 2","L","A"
1984-12-15,"St. Louis Blues",8,2,21,5,3,"W 1","W","A"
1984-12-17,"New Jersey Devils",2,5,21,6,3,"L 1","L","A"
1984-12-19,"Los Angeles Kings",7,3,22,6,3,"W 1","W","H"
1984-12-21,"Vancouver Canucks",1,3,22,7,3,"L 1","L","H"
1984-12-22,"Calgary Flames",7,1,23,7,3,"W 1","W","H"
1984-12-26,"Calgary Flames",6,5,24,7,3,"W 2","W","A"
1984-12-29,"Detroit Red Wings",6,3,25,7,3,"W 3","W","H"
1984-12-30,"Vancouver Canucks",7,7,25,7,4,"T 1","T","A"
1985-01-02,"Philadelphia Flyers",2,5,25,8,4,"L 1","L","H"
1985-01-04,"Winnipeg Jets",7,4,26,8,4,"W 1","W","H"
1985-01-06,"Winnipeg Jets",7,2,27,8,4,"W 2","W","A"
1985-01-08,"Quebec Nordiques",4,0,28,8,4,"W 3","W","A"
1985-01-10,"Montreal Canadiens",5,2,29,8,4,"W 4","W","A"
1985-01-12,"Pittsburgh Penguins",3,4,29,9,4,"L 1","L","A"
1985-01-13,"Buffalo Sabres",5,4,30,9,4,"W 1","W","A"
1985-01-16,"New York Islanders",3,3,30,9,5,"T 1","T","H"
1985-01-18,"Vancouver Canucks",4,4,30,9,6,"T 2","T","A"
1985-01-19,"Vancouver Canucks",7,5,31,9,6,"W 1","W","H"
1985-01-21,"Los Angeles Kings",8,7,32,9,6,"W 2","W","H"
1985-01-25,"New Jersey Devils",4,2,33,9,6,"W 3","W","H"
1985-01-26,"Pittsburgh Penguins",6,3,34,9,6,"W 4","W","H"
1985-01-28,"Calgary Flames",4,3,35,9,6,"W 5","W","H"
1985-01-29,"Calgary Flames",4,2,36,9,6,"W 6","W","A"
1985-02-02,"New York Rangers",5,1,37,9,6,"W 7","W","H"
1985-02-03,"Hartford Whalers",6,3,38,9,6,"W 8","W","H"
1985-02-06,"Winnipeg Jets",2,6,38,10,6,"L 1","L","A"
1985-02-08,"Minnesota North Stars",5,3,39,10,6,"W 1","W","A"
1985-02-09,"Detroit Red Wings",6,5,40,10,6,"W 2","W","A"
1985-02-15,"New York Rangers",7,8,40,11,6,"L 1","L","A"
1985-02-16,"Philadelphia Flyers",4,5,40,12,6,"L 2","L","A"
1985-02-18,"Buffalo Sabres",6,4,41,12,6,"W 1","W","A"
1985-02-19,"Toronto Maple Leafs",9,4,42,12,6,"W 2","W","A"
1985-02-22,"Quebec Nordiques",6,3,43,12,6,"W 3","W","H"
1985-02-23,"Washington Capitals",3,3,43,12,7,"T 1","T","H"
1985-02-27,"Montreal Canadiens",1,4,43,13,7,"L 1","L","H"
1985-03-01,"Los Angeles Kings",4,5,43,14,7,"L 2","L","H"
1985-03-03,"Winnipeg Jets",3,6,43,15,7,"L 3","L","H"
1985-03-05,"Calgary Flames",5,3,44,15,7,"W 1","W","A"
1985-03-09,"New York Rangers",3,3,44,15,8,"T 1","T","H"
1985-03-10,"Vancouver Canucks",3,6,44,16,8,"L 1","L","A"
1985-03-13,"Detroit Red Wings",7,6,45,16,8,"W 1","W","H"
1985-03-15,"Buffalo Sabres",4,4,45,16,9,"T 1","T","H"
1985-03-17,"Los Angeles Kings",4,5,45,17,9,"L 1","L","A"
1985-03-20,"Chicago Black Hawks",6,4,46,17,9,"W 1","W","H"
1985-03-22,"Toronto Maple Leafs",3,3,46,17,10,"T 1","T","H"
1985-03-26,"New York Islanders",7,5,47,17,10,"W 1","W","A"
1985-03-28,"Boston Bruins",3,6,47,18,10,"L 1","L","A"
1985-03-29,"Hartford Whalers",7,8,47,19,10,"L 2","L","A"
1985-03-31,"Chicago Black Hawks",7,3,48,19,10,"W 1","W","A"
1985-04-02,"Los Angeles Kings",6,4,49,19,10,"W 2","W","A"
1985-04-05,"Calgary Flames",5,5,49,19,11,"T 1","T","H"
1985-04-06,"Winnipeg Jets",5,6,49,20,11,"L 1","L","H"
1985-10-10,"Winnipeg Jets",4,3,1,0,0,"W 1","W","H"
1985-10-13,"St. Louis Blues",6,3,2,0,0,"W 2","W","H"
1985-10-16,"New York Islanders",6,4,3,0,0,"W 3","W","H"
1985-10-18,"Boston Bruins",3,2,4,0,0,"W 4","W","H"
1985-10-20,"Los Angeles Kings",8,5,5,0,0,"W 5","W","A"
1985-10-23,"Winnipeg Jets",3,9,5,1,0,"L 1","L","A"
1985-10-25,"Calgary Flames",5,3,6,1,0,"W 1","W","H"
1985-10-28,"Calgary Flames",6,4,7,1,0,"W 2","W","A"
1985-10-30,"Winnipeg Jets",7,3,8,1,0,"W 3","W","H"
1985-11-01,"Buffalo Sabres",0,2,8,2,0,"L 1","L","H"
1985-11-03,"Toronto Maple Leafs",7,1,9,2,0,"W 1","W","H"
1985-11-05,"Vancouver Canucks",6,4,10,2,0,"W 2","W","A"
1985-11-06,"Los Angeles Kings",4,4,10,2,1,"T 1","T","A"
1985-11-08,"Vancouver Canucks",13,0,11,2,1,"W 1","W","H"
1985-11-12,"Washington Capitals",2,5,11,3,1,"L 1","L","A"
1985-11-14,"Philadelphia Flyers",3,5,11,4,1,"L 2","L","A"
1985-11-16,"New York Islanders",4,4,11,4,2,"T 1","T","A"
1985-11-17,"New York Rangers",3,2,12,4,2,"W 1","OTW","A"
1985-11-19,"Quebec Nordiques",5,4,13,4,2,"W 2","W","A"
1985-11-20,"Montreal Canadiens",5,4,14,4,2,"W 3","OTW","A"
1985-11-23,"New Jersey Devils",3,2,15,4,2,"W 4","W","H"
1985-11-27,"Vancouver Canucks",5,5,15,4,3,"T 1","T","H"
1985-11-30,"Hartford Whalers",8,5,16,4,3,"W 1","W","H"
1985-12-01,"Calgary Flames",5,3,17,4,3,"W 2","W","H"
1985-12-03,"Los Angeles Kings",8,4,18,4,3,"W 3","W","A"
1985-12-05,"Los Angeles Kings",6,6,18,4,4,"T 1","T","H"
1985-12-07,"Minnesota North Stars",8,4,19,4,4,"W 1","W","H"
1985-12-08,"Chicago Black Hawks",4,3,20,4,4,"W 2","W","H"
1985-12-10,"St. Louis Blues",3,7,20,5,4,"L 1","L","A"
1985-12-11,"Chicago Black Hawks",12,9,21,5,4,"W 1","W","A"
1985-12-13,"Winnipeg Jets",6,3,22,5,4,"W 2","W","A"
1985-12-15,"Vancouver Canucks",5,3,23,5,4,"W 3","W","H"
1985-12-18,"Washington Capitals",2,5,23,6,4,"L 1","L","H"
1985-12-20,"Los Angeles Kings",9,4,24,6,4,"W 1","W","H"
1985-12-22,"Winnipeg Jets",5,7,24,7,4,"L 1","L","H"
1985-12-29,"Vancouver Canucks",5,3,25,7,4,"W 1","W","A"
1985-12-31,"Philadelphia Flyers",4,3,26,7,4,"W 2","W","H"
1986-01-02,"Calgary Flames",4,3,27,7,4,"W 3","W","A"
1986-01-04,"Hartford Whalers",4,3,28,7,4,"W 4","W","H"
1986-01-05,"Calgary Flames",6,3,29,7,4,"W 5","W","H"
1986-01-08,"Toronto Maple Leafs",9,11,29,8,4,"L 1","L","A"
1986-01-10,"Quebec Nordiques",3,5,29,9,4,"L 2","L","A"
1986-01-11,"Montreal Canadiens",6,3,30,9,4,"W 1","W","A"
1986-01-13,"Boston Bruins",5,3,31,9,4,"W 2","W","A"
1986-01-15,"Hartford Whalers",4,1,32,9,4,"W 3","W","A"
1986-01-18,"New York Rangers",4,5,32,10,4,"L 1","L","H"
1986-01-22,"Pittsburgh Penguins",4,7,32,11,4,"L 2","L","H"
1986-01-24,"New Jersey Devils",7,6,33,11,4,"W 1","OTW","H"
1986-01-25,"Los Angeles Kings",5,2,34,11,4,"W 2","W","H"
1986-01-27,"Chicago Black Hawks",4,3,35,11,4,"W 3","W","A"
1986-01-29,"St. Louis Blues",5,5,35,11,5,"T 1","T","A"
1986-01-31,"Calgary Flames",7,4,36,11,5,"W 1","W","H"
1986-02-01,"Calgary Flames",4,4,36,11,6,"T 1","T","A"
1986-02-06,"New Jersey Devils",6,4,37,11,6,"W 1","W","A"
1986-02-08,"Washington Capitals",4,5,37,12,6,"L 1","OTL","A"
1986-02-09,"Buffalo Sabres",2,4,37,13,6,"L 2","L","A"
1986-02-11,"Detroit Red Wings",3,2,38,13,6,"W 1","W","A"
1986-02-14,"Quebec Nordiques",8,2,39,13,6,"W 2","W","H"
1986-02-16,"Buffalo Sabres",7,5,40,13,6,"W 3","W","H"
1986-02-19,"Toronto Maple Leafs",9,5,41,13,6,"W 4","W","H"
1986-02-22,"Boston Bruins",5,6,41,14,6,"L 1","OTL","H"
1986-02-24,"Montreal Canadiens",3,2,42,14,6,"W 1","W","H"
1986-02-26,"Winnipeg Jets",8,2,43,14,6,"W 2","W","A"
1986-03-02,"Philadelphia Flyers",2,1,44,14,6,"W 3","OTW","H"
1986-03-04,"Vancouver Canucks",6,2,45,14,6,"W 4","W","A"
1986-03-05,"Los Angeles Kings",6,3,46,14,6,"W 5","W","H"
1986-03-07,"Pittsburgh Penguins",5,3,47,14,6,"W 6","W","H"
1986-03-09,"Los Angeles Kings",7,3,48,14,6,"W 7","W","A"
1986-03-11,"Minnesota North Stars",0,4,48,15,6,"L 1","L","A"
1986-03-12,"Winnipeg Jets",8,5,49,15,6,"W 1","W","A"
1986-03-14,"Detroit Red Wings",12,3,50,15,6,"W 2","W","H"
1986-03-18,"Winnipeg Jets",6,2,51,15,6,"W 3","W","H"
1986-03-21,"Minnesota North Stars",5,4,52,15,6,"W 4","OTW","H"
1986-03-25,"Detroit Red Wings",7,2,53,15,6,"W 5","W","A"
1986-03-26,"Pittsburgh Penguins",8,3,54,15,6,"W 6","W","A"
1986-03-28,"New York Rangers",2,4,54,16,6,"L 1","L","A"
1986-03-29,"New York Islanders",4,4,54,16,7,"T 1","T","A"
1986-04-02,"Vancouver Canucks",8,4,55,16,7,"W 1","W","H"
1986-04-04,"Calgary Flames",3,9,55,17,7,"L 1","L","A"
1986-04-06,"Vancouver Canucks",3,2,56,17,7,"W 1","W","A"
1986-10-09,"Philadelphia Flyers",1,2,0,1,0,"L 1","L","A"
1986-10-11,"Montreal Canadiens",5,4,1,1,0,"W 1","OTW","A"
1986-10-12,"Winnipeg Jets",3,5,1,2,0,"L 1","L","A"
1986-10-15,"Quebec Nordiques",5,2,2,2,0,"W 1","W","H"
1986-10-17,"Detroit Red Wings",4,3,3,2,0,"W 2","W","H"
1986-10-19,"Los Angeles Kings",6,7,3,3,0,"L 1","L","A"
1986-10-21,"Chicago Blackhawks",9,1,4,3,0,"W 1","W","H"
1986-10-22,"Calgary Flames",3,6,4,4,0,"L 1","L","A"
1986-10-24,"Boston Bruins",6,2,5,4,0,"W 1","W","H"
1986-10-26,"Vancouver Canucks",3,2,6,4,0,"W 2","W","H"
1986-10-29,"Washington Capitals",6,3,7,4,0,"W 3","W","H"
1986-10-31,"Vancouver Canucks",6,2,8,4,0,"W 4","W","A"
1986-11-02,"Los Angeles Kings",5,5,8,4,1,"T 1","T","H"
1986-11-05,"Calgary Flames",1,3,8,5,1,"L 1","L","H"
1986-11-07,"Calgary Flames",4,6,8,6,1,"L 2","L","A"
1986-11-08,"Montreal Canadiens",4,3,9,6,1,"W 1","W","H"
1986-11-11,"New York Islanders",3,2,10,6,1,"W 2","OTW","A"
1986-11-13,"Boston Bruins",3,4,10,7,1,"L 1","OTL","A"
1986-11-15,"Hartford Whalers",2,6,10,8,1,"L 2","L","A"
1986-11-16,"New York Rangers",8,6,11,8,1,"W 1","W","A"
1986-11-19,"New York Rangers",5,4,12,8,1,"W 2","OTW","H"
1986-11-22,"Vancouver Canucks",5,2,13,8,1,"W 3","W","H"
1986-11-24,"Calgary Flames",5,6,13,9,1,"L 1","L","A"
1986-11-26,"Winnipeg Jets",4,3,14,9,1,"W 1","W","H"
1986-11-28,"Chicago Blackhawks",5,6,14,10,1,"L 1","OTL","H"
1986-12-03,"New York Islanders",7,1,15,10,1,"W 1","W","H"
1986-12-05,"Pittsburgh Penguins",4,2,16,10,1,"W 2","W","A"
1986-12-07,"Philadelphia Flyers",2,5,16,11,1,"L 1","L","A"
1986-12-09,"Minnesota North Stars",3,2,17,11,1,"W 1","W","A"
1986-12-10,"Winnipeg Jets",7,4,18,11,1,"W 2","W","A"
1986-12-12,"Winnipeg Jets",6,1,19,11,1,"W 3","W","H"
1986-12-14,"Los Angeles Kings",4,2,20,11,1,"W 4","W","A"
1986-12-17,"Quebec Nordiques",5,3,21,11,1,"W 5","W","H"
1986-12-19,"Vancouver Canucks",4,2,22,11,1,"W 6","W","H"
1986-12-20,"Los Angeles Kings",8,8,22,11,2,"T 1","T","H"
1986-12-23,"Winnipeg Jets",1,2,22,12,2,"L 1","L","H"
1986-12-28,"Philadelphia Flyers",6,4,23,12,2,"W 1","W","H"
1986-12-30,"Vancouver Canucks",7,3,24,12,2,"W 2","W","A"
1987-01-03,"Los Angeles Kings",8,1,25,12,2,"W 3","W","A"
1987-01-07,"Los Angeles Kings",1,6,25,13,2,"L 1","L","H"
1987-01-09,"St. Louis Blues",5,1,26,13,2,"W 1","W","H"
1987-01-11,"Calgary Flames",5,3,27,13,2,"W 2","W","H"
1987-01-13,"Detroit Red Wings",5,3,28,13,2,"W 3","W","A"
1987-01-15,"Quebec Nordiques",4,1,29,13,2,"W 4","W","A"
1987-01-17,"Toronto Maple Leafs",7,4,30,13,2,"W 5","W","A"
1987-01-18,"Buffalo Sabres",5,6,30,14,2,"L 1","OTL","A"
1987-01-21,"Winnipeg Jets",5,3,31,14,2,"W 1","W","A"
1987-01-23,"New York Rangers",7,4,32,14,2,"W 2","W","H"
1987-01-24,"Pittsburgh Penguins",4,2,33,14,2,"W 3","W","H"
1987-01-27,"Vancouver Canucks",4,4,33,14,3,"T 1","T","A"
1987-01-28,"Vancouver Canucks",7,3,34,14,3,"W 1","W","H"
1987-01-30,"Minnesota North Stars",2,2,34,14,4,"T 1","T","H"
1987-02-01,"Chicago Blackhawks",4,6,34,15,4,"L 1","L","A"
1987-02-03,"St. Louis Blues",4,2,35,15,4,"W 1","W","A"
1987-02-04,"Minnesota North Stars",6,5,36,15,4,"W 2","OTW","A"
1987-02-06,"New York Islanders",3,3,36,15,5,"T 1","T","H"
1987-02-08,"St. Louis Blues",6,2,37,15,5,"W 1","W","H"
1987-02-15,"Washington Capitals",3,5,37,16,5,"L 1","L","H"
1987-02-18,"Toronto Maple Leafs",9,2,38,16,5,"W 1","W","H"
1987-02-22,"Winnipeg Jets",2,5,38,17,5,"L 1","L","A"
1987-02-24,"Pittsburgh Penguins",2,5,38,18,5,"L 2","L","A"
1987-02-25,"New Jersey Devils",2,4,38,19,5,"L 3","L","A"
1987-02-27,"Washington Capitals",2,5,38,20,5,"L 4","L","A"
1987-03-04,"Vancouver Canucks",8,5,39,20,5,"W 1","W","A"
1987-03-06,"Los Angeles Kings",9,3,40,20,5,"W 2","W","H"
1987-03-07,"Montreal Canadiens",5,3,41,20,5,"W 3","W","H"
1987-03-11,"Detroit Red Wings",6,3,42,20,5,"W 4","W","H"
1987-03-14,"Buffalo Sabres",5,3,43,20,5,"W 5","W","H"
1987-03-15,"Hartford Whalers",4,1,44,20,5,"W 6","W","H"
1987-03-17,"New Jersey Devils",7,4,45,20,5,"W 7","W","H"
1987-03-19,"Calgary Flames",4,5,45,21,5,"L 1","L","A"
1987-03-20,"Calgary Flames",3,6,45,22,5,"L 2","L","H"
1987-03-23,"New Jersey Devils",7,6,46,22,5,"W 1","W","A"
1987-03-25,"Hartford Whalers",5,3,47,22,5,"W 2","W","A"
1987-03-26,"Boston Bruins",1,4,47,23,5,"L 1","L","A"
1987-03-28,"Toronto Maple Leafs",2,4,47,24,5,"L 2","L","A"
1987-03-29,"Buffalo Sabres",3,2,48,24,5,"W 1","W","A"
1987-03-31,"Winnipeg Jets",5,4,49,24,5,"W 2","OTW","H"
1987-04-02,"Calgary Flames",4,4,49,24,6,"T 1","T","H"
1987-04-04,"Los Angeles Kings",7,3,50,24,6,"W 1","W","A"
1987-10-09,"Detroit Red Wings",1,4,0,1,0,"L 1","L","H"
1987-10-11,"Los Angeles Kings",9,2,1,1,0,"W 1","W","A"
1987-10-14,"Calgary Flames",4,5,1,2,0,"L 1","L","H"
1987-10-16,"Calgary Flames",5,2,2,2,0,"W 1","W","A"
1987-10-17,"Boston Bruins",4,3,3,2,0,"W 2","W","H"
1987-10-21,"Los Angeles Kings",6,2,4,2,0,"W 3","W","H"
1987-10-23,"Vancouver Canucks",5,4,5,2,0,"W 4","OTW","A"
1987-10-24,"Vancouver Canucks",9,5,6,2,0,"W 5","W","H"
1987-10-27,"Quebec Nordiques",0,5,6,3,0,"L 1","L","A"
1987-10-28,"Montreal Canadiens",1,3,6,4,0,"L 2","L","A"
1987-10-31,"New Jersey Devils",5,6,6,5,0,"L 3","L","A"
1987-11-01,"New York Rangers",7,6,7,5,0,"W 1","W","A"
1987-11-04,"New York Rangers",7,2,8,5,0,"W 2","W","H"
1987-11-05,"Calgary Flames",4,4,8,5,1,"T 1","T","A"
1987-11-07,"Buffalo Sabres",5,0,9,5,1,"W 1","W","H"
1987-11-10,"Los Angeles Kings",4,4,9,5,2,"T 1","T","A"
1987-11-14,"St. Louis Blues",6,5,10,5,2,"W 1","OTW","A"
1987-11-15,"Chicago Blackhawks",4,5,10,6,2,"L 1","L","A"
1987-11-18,"Quebec Nordiques",4,1,11,6,2,"W 1","W","H"
1987-11-20,"Pittsburgh Penguins",4,1,12,6,2,"W 2","W","H"
1987-11-22,"Winnipeg Jets",3,4,12,7,2,"L 1","OTL","A"
1987-11-25,"New Jersey Devils",7,8,12,8,2,"L 2","OTL","H"
1987-11-27,"Chicago Blackhawks",4,3,13,8,2,"W 1","W","H"
1987-11-29,"Buffalo Sabres",5,2,14,8,2,"W 2","W","A"
1987-12-01,"Washington Capitals",2,4,14,9,2,"L 1","L","A"
1987-12-02,"Detroit Red Wings",4,7,14,10,2,"L 2","L","A"
1987-12-05,"Toronto Maple Leafs",5,2,15,10,2,"W 1","W","H"
1987-12-06,"Minnesota North Stars",10,4,16,10,2,"W 2","W","H"
1987-12-09,"Winnipeg Jets",2,0,17,10,2,"W 3","W","H"
1987-12-11,"Vancouver Canucks",2,1,18,10,2,"W 4","W","H"
1987-12-12,"Vancouver Canucks",6,3,19,10,2,"W 5","W","A"
1987-12-16,"Los Angeles Kings",5,7,19,11,2,"L 1","L","A"
1987-12-18,"Winnipeg Jets",5,5,19,11,3,"T 1","T","H"
1987-12-19,"Hartford Whalers",3,4,19,12,3,"L 1","L","H"
1987-12-22,"Los Angeles Kings",5,2,20,12,3,"W 1","W","H"
1987-12-26,"Calgary Flames",5,4,21,12,3,"W 2","W","A"
1987-12-28,"Vancouver Canucks",7,3,22,12,3,"W 3","W","H"
1987-12-30,"Philadelphia Flyers",6,0,23,12,3,"W 4","W","H"
1988-01-02,"Washington Capitals",0,2,23,13,3,"L 1","L","A"
1988-01-04,"Boston Bruins",2,2,23,13,4,"T 1","T","A"
1988-01-06,"Hartford Whalers",5,1,24,13,4,"W 1","W","A"
1988-01-08,"Winnipeg Jets",4,4,24,13,5,"T 1","T","A"
1988-01-09,"New York Islanders",5,1,25,13,5,"W 1","W","H"
1988-01-11,"Washington Capitals",3,2,26,13,5,"W 2","W","H"
1988-01-13,"Calgary Flames",5,3,27,13,5,"W 3","W","H"
1988-01-15,"Winnipeg Jets",4,4,27,13,6,"T 1","T","H"
1988-01-18,"Montreal Canadiens",4,6,27,14,6,"L 1","L","A"
1988-01-19,"Quebec Nordiques",4,4,27,14,7,"T 1","T","A"
1988-01-21,"Philadelphia Flyers",1,3,27,15,7,"L 1","L","A"
1988-01-23,"New York Islanders",2,3,27,16,7,"L 2","L","A"
1988-01-25,"Pittsburgh Penguins",6,4,28,16,7,"W 1","W","A"
1988-01-29,"Calgary Flames",4,5,28,17,7,"L 1","L","H"
1988-01-30,"Hartford Whalers",5,2,29,17,7,"W 1","W","H"
1988-02-03,"New Jersey Devils",8,5,30,17,7,"W 2","W","H"
1988-02-06,"Los Angeles Kings",2,7,30,18,7,"L 1","L","A"
1988-02-11,"Vancouver Canucks",7,2,31,18,7,"W 1","W","A"
1988-02-12,"Boston Bruins",4,7,31,19,7,"L 1","L","H"
1988-02-14,"Vancouver Canucks",7,6,32,19,7,"W 1","W","H"
1988-02-17,"Toronto Maple Leafs",4,4,32,19,8,"T 1","T","H"
1988-02-19,"Pittsburgh Penguins",7,3,33,19,8,"W 1","W","H"
1988-02-21,"Winnipeg Jets",4,3,34,19,8,"W 2","OTW","A"
1988-02-23,"St. Louis Blues",6,4,35,19,8,"W 3","W","A"
1988-02-24,"Chicago Blackhawks",4,6,35,20,8,"L 1","L","A"
1988-02-28,"Calgary Flames",2,3,35,21,8,"L 2","L","H"
1988-03-01,"Los Angeles Kings",5,3,36,21,8,"W 1","W","H"
1988-03-04,"Philadelphia Flyers",7,4,37,21,8,"W 2","W","H"
1988-03-05,"Calgary Flames",4,7,37,22,8,"L 1","L","A"
1988-03-07,"Winnipeg Jets",6,0,38,22,8,"W 1","W","A"
1988-03-09,"Montreal Canadiens",1,4,38,23,8,"L 1","L","H"
1988-03-12,"Vancouver Canucks",3,3,38,23,9,"T 1","T","A"
1988-03-15,"Buffalo Sabres",6,4,39,23,9,"W 1","W","H"
1988-03-18,"Winnipeg Jets",4,1,40,23,9,"W 2","W","H"
1988-03-20,"Minnesota North Stars",5,5,40,23,10,"T 1","T","A"
1988-03-22,"Detroit Red Wings",6,4,41,23,10,"W 1","W","A"
1988-03-24,"New York Rangers",1,6,41,24,10,"L 1","L","A"
1988-03-26,"New York Islanders",4,5,41,25,10,"L 2","L","A"
1988-03-28,"Toronto Maple Leafs",6,4,42,25,10,"W 1","W","A"
1988-03-30,"Minnesota North Stars",6,3,43,25,10,"W 2","W","H"
1988-04-01,"St. Louis Blues",5,2,44,25,10,"W 3","W","H"
1988-04-03,"Los Angeles Kings",5,5,44,25,11,"T 1","T","H"
1988-10-06,"Detroit Red Wings",8,2,1,0,0,"W 1","W","H"
1988-10-08,"Calgary Flames",6,5,2,0,0,"W 2","OTW","H"
1988-10-09,"New York Islanders",6,5,3,0,0,"W 3","OTW","H"
1988-10-12,"Boston Bruins",6,2,4,0,0,"W 4","W","H"
1988-10-15,"Philadelphia Flyers",1,4,4,1,0,"L 1","L","H"
1988-10-17,"Calgary Flames",4,11,4,2,0,"L 2","L","A"
1988-10-19,"Edmonton Oilers",6,8,4,3,0,"L 3","L","A"
1988-10-22,"Minnesota North Stars",8,2,5,3,0,"W 1","W","H"
1988-10-25,"Edmonton Oilers",4,5,5,4,0,"L 1","L","H"
1988-10-28,"Winnipeg Jets",7,4,6,4,0,"W 1","W","A"
1988-10-30,"Winnipeg Jets",4,8,6,5,0,"L 1","L","A"
1988-11-01,"Quebec Nordiques",3,1,7,5,0,"W 1","W","A"
1988-11-02,"Montreal Canadiens",3,5,7,6,0,"L 1","L","A"
1988-11-05,"Toronto Maple Leafs",6,4,8,6,0,"W 1","W","A"
1988-11-06,"Chicago Blackhawks",5,3,9,6,0,"W 2","W","A"
1988-11-10,"Hartford Whalers",7,2,10,6,0,"W 3","W","H"
1988-11-12,"Pittsburgh Penguins",7,2,11,6,0,"W 4","W","H"
1988-11-15,"Vancouver Canucks",6,4,12,6,0,"W 5","W","H"
1988-11-17,"New York Rangers",5,6,12,7,0,"L 1","L","H"
1988-11-19,"Buffalo Sabres",5,4,13,7,0,"W 1","W","H"
1988-11-22,"Philadelphia Flyers",6,1,14,7,0,"W 2","W","A"
1988-11-23,"Detroit Red Wings",8,3,15,7,0,"W 3","W","A"
1988-11-26,"Calgary Flames",1,4,15,8,0,"L 1","L","A"
1988-11-27,"Vancouver Canucks",2,5,15,9,0,"L 2","L","A"
1988-11-29,"New Jersey Devils",9,3,16,9,0,"W 1","W","H"
1988-12-01,"Toronto Maple Leafs",9,3,17,9,0,"W 2","W","H"
1988-12-03,"Chicago Blackhawks",6,4,18,9,0,"W 3","W","H"
1988-12-06,"Winnipeg Jets",4,5,18,10,0,"L 1","OTL","H"
1988-12-08,"Winnipeg Jets",5,5,18,10,1,"T 1","T","H"
1988-12-10,"New York Islanders",4,3,19,10,1,"W 1","W","A"
1988-12-12,"New York Rangers",5,2,20,10,1,"W 2","W","A"
1988-12-14,"Pittsburgh Penguins",4,5,20,11,1,"L 1","L","A"
1988-12-16,"Detroit Red Wings",6,4,21,11,1,"W 1","W","A"
1988-12-17,"Minnesota North Stars",2,3,21,12,1,"L 1","L","A"
1988-12-20,"Calgary Flames",7,3,22,12,1,"W 1","W","H"
1988-12-21,"Minnesota North Stars",8,6,23,12,1,"W 2","W","H"
1988-12-23,"Vancouver Canucks",5,2,24,12,1,"W 3","W","A"
1988-12-27,"Montreal Canadiens",2,3,24,13,1,"L 1","L","H"
1988-12-29,"Vancouver Canucks",3,6,24,14,1,"L 2","L","H"
1989-01-05,"Calgary Flames",6,8,24,15,1,"L 3","L","A"
1989-01-06,"Winnipeg Jets",4,4,24,15,2,"T 1","T","A"
1989-01-08,"Winnipeg Jets",4,4,24,15,3,"T 2","T","A"
1989-01-10,"Edmonton Oilers",5,4,25,15,3,"W 1","OTW","H"
1989-01-12,"St. Louis Blues",7,4,26,15,3,"W 2","W","H"
1989-01-14,"Hartford Whalers",9,6,27,15,3,"W 3","W","H"
1989-01-17,"St. Louis Blues",2,5,27,16,3,"L 1","L","A"
1989-01-19,"New York Islanders",2,4,27,17,3,"L 2","L","A"
1989-01-21,"Hartford Whalers",4,5,27,18,3,"L 3","L","A"
1989-01-24,"Washington Capitals",4,4,27,18,4,"T 1","T","A"
1989-01-26,"Vancouver Canucks",2,6,27,19,4,"L 1","L","H"
1989-01-28,"Edmonton Oilers",6,7,27,20,4,"L 2","L","H"
1989-01-31,"Calgary Flames",5,8,27,21,4,"L 3","L","H"
1989-02-02,"New Jersey Devils",6,6,27,21,5,"T 1","T","H"
1989-02-04,"Buffalo Sabres",5,3,28,21,5,"W 1","W","H"
1989-02-09,"Boston Bruins",1,4,28,22,5,"L 1","L","A"
1989-02-10,"Washington Capitals",7,6,29,22,5,"W 1","OTW","A"
1989-02-12,"Chicago Blackhawks",6,2,30,22,5,"W 2","W","A"
1989-02-15,"Boston Bruins",3,7,30,23,5,"L 1","L","H"
1989-02-18,"Quebec Nordiques",11,3,31,23,5,"W 1","W","H"
1989-02-20,"Toronto Maple Leafs",5,4,32,23,5,"W 2","W","H"
1989-02-22,"Washington Capitals",2,7,32,24,5,"L 1","L","H"
1989-02-24,"Edmonton Oilers",1,4,32,25,5,"L 2","L","A"
1989-02-26,"New Jersey Devils",1,1,32,25,6,"T 1","T","A"
1989-02-27,"New York Rangers",4,6,32,26,6,"L 1","L","A"
1989-03-01,"Buffalo Sabres",5,4,33,26,6,"W 1","W","A"
1989-03-02,"St. Louis Blues",4,6,33,27,6,"L 1","L","A"
1989-03-04,"Philadelphia Flyers",6,2,34,27,6,"W 1","W","H"
1989-03-07,"Pittsburgh Penguins",3,2,35,27,6,"W 2","OTW","H"
1989-03-10,"Vancouver Canucks",2,4,35,28,6,"L 1","L","A"
1989-03-12,"Edmonton Oilers",6,3,36,28,6,"W 1","W","A"
1989-03-14,"Quebec Nordiques",4,0,37,28,6,"W 2","W","A"
1989-03-15,"Montreal Canadiens",2,5,37,29,6,"L 1","L","A"
1989-03-18,"Calgary Flames",3,9,37,30,6,"L 2","L","H"
1989-03-21,"Edmonton Oilers",4,3,38,30,6,"W 1","W","A"
1989-03-23,"Calgary Flames",2,4,38,31,6,"L 1","L","A"
1989-03-25,"Edmonton Oilers",4,2,39,31,6,"W 1","W","H"
1989-03-28,"Winnipeg Jets",3,3,39,31,7,"T 1","T","H"
1989-03-29,"Winnipeg Jets",2,1,40,31,7,"W 1","OTW","H"
1989-04-01,"Vancouver Canucks",6,4,41,31,7,"W 2","W","H"
1989-04-02,"Vancouver Canucks",5,4,42,31,7,"W 3","W","A"
1989-10-05,"Toronto Maple Leafs",4,2,1,0,0,"W 1","W","H"
1989-10-07,"Edmonton Oilers",5,6,1,1,0,"L 1","L","H"
1989-10-08,"Detroit Red Wings",5,0,2,1,0,"W 1","W","H"
1989-10-11,"New York Islanders",4,7,2,2,0,"L 1","L","H"
1989-10-13,"Vancouver Canucks",6,5,3,2,0,"W 1","W","A"
1989-10-15,"Edmonton Oilers",5,4,4,2,0,"W 2","OTW","A"
1989-10-17,"Boston Bruins",2,3,4,3,0,"L 1","L","H"
1989-10-21,"St. Louis Blues",6,4,5,3,0,"W 1","W","A"
1989-10-22,"Chicago Blackhawks",4,7,5,4,0,"L 1","L","A"
1989-10-25,"Calgary Flames",0,5,5,5,0,"L 2","L","H"
1989-10-27,"Winnipeg Jets",3,1,6,5,0,"W 1","W","A"
1989-10-29,"Winnipeg Jets",1,6,6,6,0,"L 1","L","A"
1989-10-31,"Pittsburgh Penguins",8,4,7,6,0,"W 1","W","A"
1989-11-02,"Boston Bruins",4,5,7,7,0,"L 1","OTL","A"
1989-11-04,"Hartford Whalers",3,6,7,8,0,"L 2","L","A"
1989-11-05,"Buffalo Sabres",3,5,7,9,0,"L 3","L","A"
1989-11-08,"Calgary Flames",4,5,7,10,0,"L 4","L","H"
1989-11-11,"Montreal Canadiens",5,4,8,10,0,"W 1","W","H"
1989-11-14,"Calgary Flames",8,6,9,10,0,"W 2","W","A"
1989-11-15,"Edmonton Oilers",2,2,9,10,1,"T 1","T","A"
1989-11-18,"Washington Capitals",5,3,10,10,1,"W 1","W","H"
1989-11-22,"Chicago Blackhawks",6,3,11,10,1,"W 2","W","H"
1989-11-25,"Vancouver Canucks",7,4,12,10,1,"W 3","W","H"
1989-11-26,"Vancouver Canucks",3,3,12,10,2,"T 1","T","A"
1989-11-30,"Edmonton Oilers",6,7,12,11,2,"L 1","L","H"
1989-12-02,"New York Rangers",6,0,13,11,2,"W 1","W","H"
1989-12-06,"Vancouver Canucks",5,4,14,11,2,"W 2","OTW","H"
1989-12-08,"Edmonton Oilers",4,5,14,12,2,"L 1","OTL","A"
1989-12-10,"Quebec Nordiques",8,4,15,12,2,"W 1","W","A"
1989-12-11,"Montreal Canadiens",2,2,15,12,3,"T 1","T","A"
1989-12-13,"Hartford Whalers",5,2,16,12,3,"W 1","W","A"
1989-12-15,"New Jersey Devils",5,7,16,13,3,"L 1","L","A"
1989-12-16,"Philadelphia Flyers",2,5,16,14,3,"L 2","L","A"
1989-12-19,"Winnipeg Jets",9,5,17,14,3,"W 1","W","H"
1989-12-21,"Quebec Nordiques",6,1,18,14,3,"W 2","W","H"
1989-12-23,"Vancouver Canucks",4,1,19,14,3,"W 3","W","H"
1989-12-27,"Calgary Flames",5,5,19,14,4,"T 1","T","H"
1989-12-30,"Philadelphia Flyers",3,6,19,15,4,"L 1","L","H"
1990-01-01,"Washington Capitals",7,4,20,15,4,"W 1","W","A"
1990-01-02,"New York Islanders",3,5,20,16,4,"L 1","L","A"
1990-01-04,"New Jersey Devils",2,4,20,17,4,"L 2","L","A"
1990-01-06,"Toronto Maple Leafs",4,7,20,18,4,"L 3","L","A"
1990-01-09,"St. Louis Blues",3,4,20,19,4,"L 4","L","H"
1990-01-11,"Edmonton Oilers",3,3,20,19,5,"T 1","T","H"
1990-01-13,"Hartford Whalers",3,6,20,20,5,"L 1","L","H"
1990-01-16,"Buffalo Sabres",2,4,20,21,5,"L 2","L","H"
1990-01-18,"Detroit Red Wings",9,4,21,21,5,"W 1","W","H"
1990-01-23,"Vancouver Canucks",3,3,21,21,6,"T 1","T","A"
1990-01-25,"Edmonton Oilers",6,7,21,22,6,"L 1","L","A"
1990-01-27,"New York Rangers",1,3,21,23,6,"L 2","L","H"
1990-01-30,"New Jersey Devils",5,2,22,23,6,"W 1","W","H"
1990-02-01,"Chicago Blackhawks",4,7,22,24,6,"L 1","L","H"
1990-02-03,"Calgary Flames",4,3,23,24,6,"W 1","W","H"
1990-02-06,"Calgary Flames",5,3,24,24,6,"W 2","W","A"
1990-02-08,"Winnipeg Jets",1,5,24,25,6,"L 1","L","H"
1990-02-10,"Pittsburgh Penguins",6,7,24,26,6,"L 2","L","A"
1990-02-12,"Toronto Maple Leafs",3,5,24,27,6,"L 3","L","A"
1990-02-14,"Detroit Red Wings",5,6,24,28,6,"L 4","L","A"
1990-02-15,"Minnesota North Stars",3,6,24,29,6,"L 5","L","A"
1990-02-17,"Quebec Nordiques",7,1,25,29,6,"W 1","W","H"
1990-02-19,"Washington Capitals",3,2,26,29,6,"W 2","W","H"
1990-02-21,"Minnesota North Stars",4,2,27,29,6,"W 3","W","H"
1990-02-24,"Vancouver Canucks",4,6,27,30,6,"L 1","L","H"
1990-02-28,"Edmonton Oilers",4,2,28,30,6,"W 1","W","H"
1990-03-02,"Winnipeg Jets",3,9,28,31,6,"L 1","L","A"
1990-03-04,"Winnipeg Jets",2,5,28,32,6,"L 2","L","A"
1990-03-05,"Calgary Flames",0,5,28,33,6,"L 3","L","A"
1990-03-07,"Montreal Canadiens",2,5,28,34,6,"L 4","L","H"
1990-03-10,"Pittsburgh Penguins",8,2,29,34,6,"W 1","W","H"
1990-03-12,"New York Rangers",6,2,30,34,6,"W 2","W","A"
1990-03-14,"Buffalo Sabres",6,5,31,34,6,"W 3","OTW","A"
1990-03-17,"Boston Bruins",5,4,32,34,6,"W 4","W","A"
1990-03-18,"Philadelphia Flyers",4,7,32,35,6,"L 1","L","A"
1990-03-20,"Minnesota North Stars",2,5,32,36,6,"L 2","L","A"
1990-03-22,"New York Islanders",3,1,33,36,6,"W 1","W","H"
1990-03-24,"St. Louis Blues",9,3,34,36,6,"W 2","W","H"
1990-03-27,"Winnipeg Jets",4,4,34,36,7,"T 1","T","H"
1990-03-29,"Winnipeg Jets",0,1,34,37,7,"L 1","L","H"
1990-03-31,"Vancouver Canucks",3,6,34,38,7,"L 2","L","A"
1990-04-01,"Calgary Flames",4,8,34,39,7,"L 3","L","A"
1990-10-04,"New York Islanders",4,1,1,0,0,"W 1","W","H"
1990-10-06,"Vancouver Canucks",3,6,1,1,0,"L 1","L","H"
1990-10-09,"Vancouver Canucks",6,2,2,1,0,"W 1","W","A"
1990-10-11,"Edmonton Oilers",5,5,2,1,1,"T 1","T","H"
1990-10-13,"Boston Bruins",7,1,3,1,1,"W 1","W","H"
1990-10-14,"St. Louis Blues",4,1,4,1,1,"W 2","W","H"
1990-10-17,"Minnesota North Stars",5,2,5,1,1,"W 3","W","H"
1990-10-19,"Hartford Whalers",5,2,6,1,1,"W 4","W","H"
1990-10-23,"Calgary Flames",6,4,7,1,1,"W 5","W","H"
1990-10-26,"Winnipeg Jets",2,6,7,2,1,"L 1","L","A"
1990-10-28,"Winnipeg Jets",6,2,8,2,1,"W 1","W","A"
1990-10-30,"New York Islanders",4,1,9,2,1,"W 2","W","A"
1990-10-31,"New York Rangers",4,9,9,3,1,"L 1","L","A"
1990-11-02,"Washington Capitals",3,4,9,4,1,"L 2","L","A"
1990-11-04,"Chicago Blackhawks",2,0,10,4,1,"W 1","W","A"
1990-11-08,"Detroit Red Wings",5,1,11,4,1,"W 2","W","H"
1990-11-10,"Edmonton Oilers",7,4,12,4,1,"W 3","W","H"
1990-11-14,"Buffalo Sabres",4,2,13,4,1,"W 4","W","H"
1990-11-17,"Pittsburgh Penguins",2,1,14,4,1,"W 5","OTW","H"
1990-11-20,"New Jersey Devils",5,4,15,4,1,"W 6","W","H"
1990-11-22,"Calgary Flames",3,6,15,5,1,"L 1","L","A"
1990-11-24,"Montreal Canadiens",4,2,16,5,1,"W 1","W","A"
1990-11-25,"Quebec Nordiques",4,4,16,5,2,"T 1","T","A"
1990-11-27,"Detroit Red Wings",3,4,16,6,2,"L 1","L","A"
1990-11-29,"St. Louis Blues",4,4,16,6,3,"T 1","T","A"
1990-12-01,"Toronto Maple Leafs",3,4,16,7,3,"L 1","L","H"
1990-12-05,"Winnipeg Jets",3,3,16,7,4,"T 1","T","H"
1990-12-08,"Winnipeg Jets",4,4,16,7,5,"T 2","T","H"
1990-12-11,"New York Rangers",4,6,16,8,5,"L 1","L","H"
1990-12-13,"Calgary Flames",1,4,16,9,5,"L 2","L","H"
1990-12-15,"Edmonton Oilers",8,3,17,9,5,"W 1","W","H"
1990-12-18,"Edmonton Oilers",3,4,17,10,5,"L 1","L","A"
1990-12-20,"Calgary Flames",4,3,18,10,5,"W 1","OTW","A"
1990-12-22,"Vancouver Canucks",3,4,18,11,5,"L 1","L","A"
1990-12-27,"Philadelphia Flyers",5,7,18,12,5,"L 2","L","H"
1990-12-29,"Montreal Canadiens",2,3,18,13,5,"L 3","L","H"
1990-12-31,"Minnesota North Stars",4,2,19,13,5,"W 1","W","A"
1991-01-02,"New York Rangers",1,4,19,14,5,"L 1","L","A"
1991-01-03,"New York Islanders",6,3,20,14,5,"W 1","W","A"
1991-01-05,"Toronto Maple Leafs",4,2,21,14,5,"W 2","W","A"
1991-01-06,"Chicago Blackhawks",3,1,22,14,5,"W 3","W","A"
1991-01-08,"Hartford Whalers",4,3,23,14,5,"W 4","OTW","H"
1991-01-10,"Buffalo Sabres",5,2,24,14,5,"W 5","W","H"
1991-01-12,"Vancouver Canucks",6,2,25,14,5,"W 6","W","H"
1991-01-14,"New Jersey Devils",6,1,26,14,5,"W 7","W","A"
1991-01-16,"Hartford Whalers",3,4,26,15,5,"L 1","L","A"
1991-01-17,"Boston Bruins",3,5,26,16,5,"L 2","L","A"
1991-01-22,"Edmonton Oilers",2,4,26,17,5,"L 3","L","A"
1991-01-25,"Vancouver Canucks",5,1,27,17,5,"W 1","W","A"
1991-01-26,"Vancouver Canucks",5,4,28,17,5,"W 2","W","H"
1991-01-30,"New Jersey Devils",2,4,28,18,5,"L 1","L","H"
1991-02-02,"Vancouver Canucks",9,1,29,18,5,"W 1","W","H"
1991-02-04,"Detroit Red Wings",6,4,30,18,5,"W 2","W","A"
1991-02-05,"Philadelphia Flyers",3,2,31,18,5,"W 3","W","A"
1991-02-08,"Buffalo Sabres",4,4,31,18,6,"T 1","T","A"
1991-02-09,"St. Louis Blues",4,5,31,19,6,"L 1","L","A"
1991-02-12,"Calgary Flames",4,4,31,19,7,"T 1","T","H"
1991-02-14,"Edmonton Oilers",4,2,32,19,7,"W 1","W","A"
1991-02-16,"Boston Bruins",4,5,32,20,7,"L 1","OTL","H"
1991-02-18,"Washington Capitals",5,2,33,20,7,"W 1","W","H"
1991-02-20,"Quebec Nordiques",6,1,34,20,7,"W 2","W","H"
1991-02-22,"Winnipeg Jets",6,4,35,20,7,"W 3","W","A"
1991-02-24,"Winnipeg Jets",5,3,36,20,7,"W 4","W","A"
1991-02-26,"Pittsburgh Penguins",8,2,37,20,7,"W 5","W","H"
1991-02-28,"Winnipeg Jets",4,2,38,20,7,"W 6","W","H"
1991-03-02,"Winnipeg Jets",6,3,39,20,7,"W 7","W","H"
1991-03-05,"Washington Capitals",3,3,39,20,8,"T 1","T","A"
1991-03-07,"Pittsburgh Penguins",2,3,39,21,8,"L 1","L","A"
1991-03-09,"Quebec Nordiques",3,0,40,21,8,"W 1","W","A"
1991-03-10,"Montreal Canadiens",4,4,40,21,9,"T 1","T","A"
1991-03-12,"Philadelphia Flyers",6,0,41,21,9,"W 1","W","H"
1991-03-14,"Chicago Blackhawks",3,6,41,22,9,"L 1","L","H"
1991-03-16,"Calgary Flames",4,3,42,22,9,"W 1","W","A"
1991-03-17,"Vancouver Canucks",4,5,42,23,9,"L 1","OTL","A"
1991-03-20,"Toronto Maple Leafs",4,4,42,23,10,"T 1","T","H"
1991-03-23,"Calgary Flames",8,4,43,23,10,"W 1","W","H"
1991-03-24,"Edmonton Oilers",4,3,44,23,10,"W 2","OTW","A"
1991-03-26,"Edmonton Oilers",2,0,45,23,10,"W 3","W","H"
1991-03-28,"Minnesota North Stars",6,5,46,23,10,"W 4","W","H"
1991-03-31,"Calgary Flames",3,5,46,24,10,"L 1","L","A"
1991-10-04,"Winnipeg Jets",6,3,1,0,0,"W 1","W","A"
1991-10-06,"Edmonton Oilers",2,2,1,0,1,"T 1","T","A"
1991-10-08,"Edmonton Oilers",6,3,2,0,1,"W 1","W","H"
1991-10-10,"Calgary Flames",1,7,2,1,1,"L 1","L","H"
1991-10-12,"Winnipeg Jets",3,3,2,1,2,"T 1","T","H"
1991-10-16,"San Jose Sharks",8,5,3,1,2,"W 1","W","H"
1991-10-19,"Minnesota North Stars",5,2,4,1,2,"W 2","W","H"
1991-10-22,"New Jersey Devils",2,5,4,2,2,"L 1","L","A"
1991-10-23,"New York Rangers",2,7,4,3,2,"L 2","L","A"
1991-10-26,"New York Islanders",4,2,5,3,2,"W 1","W","A"
1991-10-28,"Detroit Red Wings",4,3,6,3,2,"W 2","W","A"
1991-10-30,"Hartford Whalers",4,4,6,3,3,"T 1","T","A"
1991-10-31,"Boston Bruins",4,2,7,3,3,"W 1","W","A"
1991-11-02,"Toronto Maple Leafs",5,2,8,3,3,"W 2","W","A"
1991-11-07,"Vancouver Canucks",3,4,8,4,3,"L 1","L","H"
1991-11-09,"Edmonton Oilers",4,4,8,4,4,"T 1","T","H"
1991-11-11,"Winnipeg Jets",2,6,8,5,4,"L 1","L","A"
1991-11-12,"Vancouver Canucks",2,8,8,6,4,"L 2","L","A"
1991-11-14,"Buffalo Sabres",2,2,8,6,5,"T 1","T","H"
1991-11-16,"Detroit Red Wings",3,5,8,7,5,"L 1","L","H"
1991-11-19,"San Jose Sharks",3,2,9,7,5,"W 1","OTW","A"
1991-11-21,"New York Rangers",6,1,10,7,5,"W 2","W","H"
1991-11-23,"San Jose Sharks",6,4,11,7,5,"W 3","W","H"
1991-11-26,"Toronto Maple Leafs",4,4,11,7,6,"T 1","T","H"
1991-11-28,"Calgary Flames",3,5,11,8,6,"L 1","L","A"
1991-11-30,"New Jersey Devils",1,4,11,9,6,"L 2","L","H"
1991-12-03,"San Jose Sharks",2,3,11,10,6,"L 3","OTL","A"
1991-12-05,"Chicago Blackhawks",2,6,11,11,6,"L 4","L","A"
1991-12-07,"Quebec Nordiques",5,7,11,12,6,"L 5","L","A"
1991-12-12,"Winnipeg Jets",2,1,12,12,6,"W 1","W","H"
1991-12-14,"Vancouver Canucks",4,4,12,12,7,"T 1","T","H"
1991-12-17,"Minnesota North Stars",1,2,12,13,7,"L 1","L","H"
1991-12-21,"Detroit Red Wings",2,5,12,14,7,"L 2","L","H"
1991-12-26,"San Jose Sharks",5,3,13,14,7,"W 1","W","H"
1991-12-28,"Edmonton Oilers",9,4,14,14,7,"W 2","W","A"
1991-12-29,"Calgary Flames",2,6,14,15,7,"L 1","L","A"
1991-12-31,"Vancouver Canucks",3,5,14,16,7,"L 2","L","H"
1992-01-02,"Edmonton Oilers",5,3,15,16,7,"W 1","W","H"
1992-01-04,"Philadelphia Flyers",7,3,16,16,7,"W 2","W","H"
1992-01-07,"Pittsburgh Penguins",5,2,17,16,7,"W 3","W","A"
1992-01-09,"Philadelphia Flyers",2,5,17,17,7,"L 1","L","A"
1992-01-10,"Washington Capitals",4,7,17,18,7,"L 2","L","A"
1992-01-12,"New Jersey Devils",2,5,17,19,7,"L 3","L","A"
1992-01-14,"San Jose Sharks",3,3,17,19,8,"T 1","T","H"
1992-01-16,"Washington Capitals",2,2,17,19,9,"T 2","T","H"
1992-01-22,"Minnesota North Stars",3,3,17,19,10,"T 3","T","A"
1992-01-23,"St. Louis Blues",6,5,18,19,10,"W 1","W","A"
1992-01-25,"Calgary Flames",4,3,19,19,10,"W 2","W","H"
1992-01-28,"St. Louis Blues",3,3,19,19,11,"T 1","T","H"
1992-01-30,"New York Rangers",1,4,19,20,11,"L 1","L","H"
1992-02-01,"Chicago Blackhawks",2,0,20,20,11,"W 1","W","H"
1992-02-04,"New York Islanders",1,2,20,21,11,"L 1","L","H"
1992-02-06,"Hartford Whalers",5,5,20,21,12,"T 1","T","H"
1992-02-08,"Pittsburgh Penguins",4,3,21,21,12,"W 1","W","A"
1992-02-09,"Buffalo Sabres",5,4,22,21,12,"W 2","W","A"
1992-02-11,"St. Louis Blues",2,3,22,22,12,"L 1","L","A"
1992-02-13,"Chicago Blackhawks",2,2,22,22,13,"T 1","T","A"
1992-02-15,"Washington Capitals",6,3,23,22,13,"W 1","W","H"
1992-02-17,"Boston Bruins",6,3,24,22,13,"W 2","W","H"
1992-02-19,"Edmonton Oilers",3,4,24,23,13,"L 1","L","A"
1992-02-21,"Calgary Flames",7,9,24,24,13,"L 2","L","A"
1992-02-23,"Winnipeg Jets",4,2,25,24,13,"W 1","W","A"
1992-02-25,"Vancouver Canucks",4,3,26,24,13,"W 2","W","A"
1992-02-27,"Quebec Nordiques",4,2,27,24,13,"W 3","W","H"
1992-02-29,"Montreal Canadiens",5,3,28,24,13,"W 4","W","H"
1992-03-03,"Philadelphia Flyers",4,1,29,24,13,"W 5","W","H"
1992-03-04,"San Jose Sharks",4,3,30,24,13,"W 6","W","A"
1992-03-07,"Pittsburgh Penguins",5,3,31,24,13,"W 7","W","H"
1992-03-09,"Toronto Maple Leafs",4,1,32,24,13,"W 8","W","H"
1992-03-11,"Hartford Whalers",0,4,32,25,13,"L 1","L","A"
1992-03-14,"Montreal Canadiens",2,5,32,26,13,"L 2","L","A"
1992-03-15,"Boston Bruins",1,5,32,27,13,"L 3","L","A"
1992-03-17,"Winnipeg Jets",5,4,33,27,13,"W 1","W","H"
1992-03-19,"Buffalo Sabres",2,8,33,28,13,"L 1","L","H"
1992-03-21,"Calgary Flames",5,2,34,28,13,"W 1","W","H"
1992-03-26,"Calgary Flames",2,7,34,29,13,"L 1","L","A"
1992-03-27,"Winnipeg Jets",4,6,34,30,13,"L 2","L","A"
1992-03-29,"Edmonton Oilers",2,2,34,30,14,"T 1","T","A"
1992-04-12,"Vancouver Canucks",6,1,35,30,14,"W 1","W","A"
1992-04-14,"Vancouver Canucks",2,3,35,31,14,"L 1","L","H"
1992-10-06,"Calgary Flames",5,4,1,0,0,"W 1","OTW","A"
1992-10-08,"Detroit Red Wings",3,5,1,1,0,"L 1","L","H"
1992-10-10,"Winnipeg Jets",6,3,2,1,0,"W 1","W","H"
1992-10-13,"San Jose Sharks",2,1,3,1,0,"W 2","W","H"
1992-10-15,"Calgary Flames",4,0,4,1,0,"W 3","W","H"
1992-10-17,"Boston Bruins",8,6,5,1,0,"W 4","W","H"
1992-10-20,"Calgary Flames",2,6,5,2,0,"L 1","L","A"
1992-10-23,"Winnipeg Jets",2,4,5,3,0,"L 2","L","A"
1992-10-24,"Minnesota North Stars",5,5,5,3,1,"T 1","T","A"
1992-10-27,"New York Islanders",4,3,6,3,1,"W 1","W","A"
1992-10-29,"Boston Bruins",3,8,6,4,1,"L 1","L","A"
1992-10-31,"Hartford Whalers",7,1,7,4,1,"W 1","W","A"
1992-11-05,"New Jersey Devils",5,2,8,4,1,"W 2","W","H"
1992-11-07,"Buffalo Sabres",5,2,9,4,1,"W 3","W","H"
1992-11-08,"San Jose Sharks",11,4,10,4,1,"W 4","W","A"
1992-11-10,"Winnipeg Jets",4,4,10,4,2,"T 1","T","A"
1992-11-12,"Vancouver Canucks",7,4,11,4,2,"W 1","W","H"
1992-11-14,"Edmonton Oilers",6,2,12,4,2,"W 2","W","H"
1992-11-16,"Vancouver Canucks",3,6,12,5,2,"L 1","L","A"
1992-11-17,"San Jose Sharks",0,6,12,6,2,"L 2","L","A"
1992-11-19,"Chicago Blackhawks",4,1,13,6,2,"W 1","W","H"
1992-11-21,"Toronto Maple Leafs",6,4,14,6,2,"W 2","W","H"
1992-11-25,"Edmonton Oilers",3,1,15,6,2,"W 3","W","A"
1992-11-27,"Detroit Red Wings",5,3,16,6,2,"W 4","W","A"
1992-11-28,"Toronto Maple Leafs",2,3,16,7,2,"L 1","L","A"
1992-12-01,"Chicago Blackhawks",6,3,17,7,2,"W 1","W",NA
1992-12-03,"Pittsburgh Penguins",5,3,18,7,2,"W 2","W","H"
1992-12-05,"Hartford Whalers",7,3,19,7,2,"W 3","W","H"
1992-12-08,"Montreal Canadiens",5,5,19,7,3,"T 1","T",NA
1992-12-10,"Quebec Nordiques",4,5,19,8,3,"L 1","L","H"
1992-12-12,"St. Louis Blues",6,3,20,8,3,"W 1","W","H"
1992-12-15,"Tampa Bay Lightning",2,3,20,9,3,"L 1","L","H"
1992-12-18,"Edmonton Oilers",5,5,20,9,4,"T 1","T","A"
1992-12-19,"Calgary Flames",3,5,20,10,4,"L 1","L","A"
1992-12-22,"Vancouver Canucks",2,6,20,11,4,"L 2","L","H"
1992-12-26,"San Jose Sharks",2,7,20,12,4,"L 3","L","A"
1992-12-29,"Philadelphia Flyers",2,10,20,13,4,"L 4","L","H"
1992-12-31,"Vancouver Canucks",0,4,20,14,4,"L 5","L","A"
1993-01-02,"Montreal Canadiens",5,5,20,14,5,"T 1","T","H"
1993-01-06,"Tampa Bay Lightning",3,6,20,15,5,"L 1","L","H"
1993-01-08,"Winnipeg Jets",3,6,20,16,5,"L 2","L","A"
1993-01-10,"Chicago Blackhawks",5,4,21,16,5,"W 1","W","A"
1993-01-12,"Ottawa Senators",3,2,22,16,5,"W 2","W","A"
1993-01-14,"New Jersey Devils",1,7,22,17,5,"L 1","L","A"
1993-01-16,"Winnipeg Jets",2,5,22,18,5,"L 2","L","H"
1993-01-19,"Edmonton Oilers",5,4,23,18,5,"W 1","W","A"
1993-01-21,"Vancouver Canucks",4,5,23,19,5,"L 1","L","H"
1993-01-23,"New York Rangers",3,8,23,20,5,"L 2","L","H"
1993-01-26,"San Jose Sharks",7,1,24,20,5,"W 1","W","H"
1993-01-28,"Calgary Flames",1,2,24,21,5,"L 1","L","H"
1993-01-30,"Chicago Blackhawks",2,2,24,21,6,"T 1","T","H"
1993-02-02,"Quebec Nordiques",2,3,24,22,6,"L 1","L","A"
1993-02-03,"Montreal Canadiens",2,7,24,23,6,"L 2","L","A"
1993-02-09,"Edmonton Oilers",3,6,24,24,6,"L 3","L","H"
1993-02-11,"Detroit Red Wings",6,6,24,24,7,"T 1","T","H"
1993-02-13,"Washington Capitals",3,10,24,25,7,"L 1","L","H"
1993-02-15,"Vancouver Canucks",3,0,25,25,7,"W 1","W","H"
1993-02-17,"Minnesota North Stars",10,5,26,25,7,"W 2","W","A"
1993-02-18,"Chicago Blackhawks",2,7,26,26,7,"L 1","L","A"
1993-02-20,"Washington Capitals",3,7,26,27,7,"L 2","L","A"
1993-02-22,"Tampa Bay Lightning",5,2,27,27,7,"W 1","W","A"
1993-02-25,"St. Louis Blues",0,3,27,28,7,"L 1","L","A"
1993-02-27,"Toronto Maple Leafs",2,5,27,29,7,"L 2","L","H"
1993-03-02,"Calgary Flames",6,2,28,29,7,"W 1","W","H"
1993-03-04,"Ottawa Senators",8,6,29,29,7,"W 2","W","H"
1993-03-06,"Edmonton Oilers",6,1,30,29,7,"W 3","W","H"
1993-03-09,"New York Rangers",3,4,30,30,7,"L 1","L","A"
1993-03-11,"Pittsburgh Penguins",3,4,30,31,7,"L 2","OTL","A"
1993-03-15,"Buffalo Sabres",4,2,31,31,7,"W 1","W","A"
1993-03-16,"Winnipeg Jets",8,4,32,31,7,"W 2","W","H"
1993-03-18,"New York Islanders",7,4,33,31,7,"W 3","W","H"
1993-03-20,"St. Louis Blues",3,2,34,31,7,"W 4","W","H"
1993-03-24,"Vancouver Canucks",2,6,34,32,7,"L 1","L","A"
1993-03-26,"Edmonton Oilers",4,1,35,32,7,"W 1","W","A"
1993-03-28,"Winnipeg Jets",3,3,35,32,8,"T 1","T","A"
1993-03-29,"Detroit Red Wings",9,3,36,32,8,"W 1","W","A"
1993-03-31,"Toronto Maple Leafs",5,5,36,32,9,"T 1","T","A"
1993-04-01,"Philadelphia Flyers",3,1,37,32,9,"W 1","W","A"
1993-04-03,"Minnesota North Stars",0,3,37,33,9,"L 1","L","H"
1993-04-06,"Calgary Flames",3,3,37,33,10,"T 1","T","H"
1993-04-08,"San Jose Sharks",2,1,38,33,10,"W 1","W","H"
1993-04-10,"San Jose Sharks",3,2,39,33,10,"W 2","OTW","A"
1993-04-13,"Vancouver Canucks",4,7,39,34,10,"L 1","L","A"
1993-04-15,"Vancouver Canucks",6,8,39,35,10,"L 2","L","H"
1993-10-06,"Vancouver Canucks",2,5,0,1,0,"L 1","L","H"
1993-10-09,"Detroit Red Wings",10,3,1,1,0,"W 1","W","H"
1993-10-10,"San Jose Sharks",5,2,2,1,0,"W 2","W","H"
1993-10-12,"New York Islanders",7,5,3,1,0,"W 3","W","H"
1993-10-14,"Edmonton Oilers",4,4,3,1,1,"T 1","T","H"
1993-10-16,"Calgary Flames",8,4,4,1,1,"W 1","W","H"
1993-10-19,"Florida Panthers",2,2,4,1,2,"T 1","T","A"
1993-10-20,"Tampa Bay Lightning",4,3,5,1,2,"W 1","W","A"
1993-10-22,"Washington Capitals",3,6,5,2,2,"L 1","L","A"
1993-10-24,"New York Rangers",2,3,5,3,2,"L 2","L","A"
1993-10-26,"New York Islanders",0,7,5,4,2,"L 3","L","A"
1993-10-27,"Detroit Red Wings",3,8,5,5,2,"L 4","L","A"
1993-10-29,"Winnipeg Jets",4,3,6,5,2,"W 1","OTW","A"
1993-11-03,"New Jersey Devils",3,2,7,5,2,"W 2","W","H"
1993-11-06,"Pittsburgh Penguins",8,3,8,5,2,"W 3","W","H"
1993-11-09,"Calgary Flames",2,3,8,6,2,"L 1","L","A"
1993-11-10,"Vancouver Canucks",0,4,8,7,2,"L 2","L","A"
1993-11-13,"St. Louis Blues",6,3,9,7,2,"W 1","W","H"
1993-11-18,"Toronto Maple Leafs",2,3,9,8,2,"L 1","L","H"
1993-11-20,"St. Louis Blues",1,4,9,9,2,"L 2","L","A"
1993-11-21,"Dallas Stars",4,7,9,10,2,"L 3","L","A"
1993-11-25,"Quebec Nordiques",6,8,9,11,2,"L 4","L","A"
1993-11-27,"Montreal Canadiens",0,4,9,12,2,"L 5","L","A"
1993-11-30,"Winnipeg Jets",6,8,9,13,2,"L 6","L","H"
1993-12-02,"Mighty Ducks of Anaheim",3,2,10,13,2,"W 1","W","H"
1993-12-04,"Tampa Bay Lightning",4,5,10,14,2,"L 1","L","H"
1993-12-08,"Florida Panthers",5,6,10,15,2,"L 2","L","H"
1993-12-11,"St. Louis Blues",9,1,11,15,2,"W 1","W","H"
1993-12-13,"Ottawa Senators",2,5,11,16,2,"L 1","L","A"
1993-12-14,"Pittsburgh Penguins",2,4,11,17,2,"L 2","L","A"
1993-12-17,"Buffalo Sabres",0,2,11,18,2,"L 3","L","A"
1993-12-18,"Toronto Maple Leafs",1,4,11,19,2,"L 4","L","A"
1993-12-20,"Calgary Flames",5,4,12,19,2,"W 1","OTW","A"
1993-12-23,"Dallas Stars",1,2,12,20,2,"L 1","L","H"
1993-12-26,"Mighty Ducks of Anaheim",3,2,13,20,2,"W 1","W","A"
1993-12-28,"Vancouver Canucks",6,5,14,20,2,"W 2","W","H"
1993-12-31,"Detroit Red Wings",4,4,14,20,3,"T 1","T","A"
1994-01-01,"Toronto Maple Leafs",7,4,15,20,3,"W 1","W","A"
1994-01-04,"Quebec Nordiques",5,1,16,20,3,"W 2","W","H"
1994-01-08,"Detroit Red Wings",3,6,16,21,3,"L 1","L","H"
1994-01-11,"San Jose Sharks",2,2,16,21,4,"T 1","T","A"
1994-01-12,"Hartford Whalers",6,4,17,21,4,"W 1","W","H"
1994-01-15,"New Jersey Devils",5,3,18,21,4,"W 2","W","A"
1994-01-16,"Philadelphia Flyers",2,5,18,22,4,"L 1","L","A"
1994-01-18,"Dallas Stars",3,5,18,23,4,"L 2","L","A"
1994-01-24,"Calgary Flames",3,3,18,23,5,"T 1","T",NA
1994-01-25,"Winnipeg Jets",4,4,18,23,6,"T 2","T","H"
1994-01-27,"New York Rangers",4,5,18,24,6,"L 1","OTL","H"
1994-01-29,"Mighty Ducks of Anaheim",5,1,19,24,6,"W 1","W","H"
1994-01-31,"Vancouver Canucks",1,3,19,25,6,"L 1","L","A"
1994-02-02,"Edmonton Oilers",4,6,19,26,6,"L 2","L","A"
1994-02-05,"Calgary Flames",4,5,19,27,6,"L 3","OTL","H"
1994-02-09,"Chicago Blackhawks",4,2,20,27,6,"W 1","W","H"
1994-02-11,"Mighty Ducks of Anaheim",5,3,21,27,6,"W 2","W","A"
1994-02-12,"Washington Capitals",1,6,21,28,6,"L 1","L","H"
1994-02-14,"Boston Bruins",2,3,21,29,6,"L 2","OTL","H"
1994-02-18,"Philadelphia Flyers",3,4,21,30,6,"L 3","L","H"
1994-02-19,"San Jose Sharks",3,4,21,31,6,"L 4","L","A"
1994-02-21,"Toronto Maple Leafs",4,6,21,32,6,"L 5","L","H"
1994-02-23,"Dallas Stars",0,0,21,32,7,"T 1","T","H"
1994-02-25,"Edmonton Oilers",5,5,21,32,8,"T 2","T","A"
1994-02-26,"Calgary Flames",2,4,21,33,8,"L 1","L","A"
1994-02-28,"Montreal Canadiens",3,3,21,33,9,"T 1","T","H"
1994-03-02,"Hartford Whalers",4,1,22,33,9,"W 1","W","A"
1994-03-03,"Boston Bruins",4,6,22,34,9,"L 1","L","A"
1994-03-06,"Chicago Blackhawks",3,3,22,34,10,"T 1","T","A"
1994-03-09,"Chicago Blackhawks",0,4,22,35,10,"L 1","L","H"
1994-03-12,"Buffalo Sabres",3,5,22,36,10,"L 2","L","H"
1994-03-15,"Ottawa Senators",7,0,23,36,10,"W 1","W","H"
1994-03-16,"Mighty Ducks of Anaheim",2,5,23,37,10,"L 1","L","A"
1994-03-19,"San Jose Sharks",2,1,24,37,10,"W 1","W","H"
1994-03-20,"San Jose Sharks",6,6,24,37,11,"T 1","T","A"
1994-03-23,"Vancouver Canucks",3,6,24,38,11,"L 1","L","H"
1994-03-25,"Edmonton Oilers",4,3,25,38,11,"W 1","OTW","A"
1994-03-27,"Vancouver Canucks",3,4,25,39,11,"L 1","L","A"
1994-03-30,"Mighty Ducks of Anaheim",2,5,25,40,11,"L 2","L","H"
1994-04-02,"Edmonton Oilers",3,5,25,41,11,"L 3","L","H"
1994-04-03,"Edmonton Oilers",6,1,26,41,11,"W 1","W",NA
1994-04-05,"San Jose Sharks",1,2,26,42,11,"L 1","L","H"
1994-04-07,"St. Louis Blues",2,6,26,43,11,"L 2","L","A"
1994-04-09,"Winnipeg Jets",3,4,26,44,11,"L 3","L","A"
1994-04-10,"Chicago Blackhawks",1,2,26,45,11,"L 4","L","A"
1994-04-13,"Calgary Flames",6,4,27,45,11,"W 1","W","H"
1994-04-14,"Edmonton Oilers",2,2,27,45,12,"T 1","T","H"
1995-01-20,"Toronto Maple Leafs",3,3,0,0,1,"T 1","T","H"
1995-01-22,"Edmonton Oilers",3,4,0,1,1,"L 1","L","H"
1995-01-24,"Dallas Stars",2,4,0,2,1,"L 2","L","H"
1995-01-26,"St. Louis Blues",1,3,0,3,1,"L 3","L","A"
1995-01-28,"Winnipeg Jets",4,2,1,3,1,"W 1","W","H"
1995-01-29,"Chicago Blackhawks",3,6,1,4,1,"L 1","L","H"
1995-02-04,"Detroit Red Wings",4,3,2,4,1,"W 1","W","H"
1995-02-05,"Mighty Ducks of Anaheim",2,3,2,5,1,"L 1","L","H"
1995-02-07,"St. Louis Blues",5,5,2,5,2,"T 1","T","A"
1995-02-11,"Toronto Maple Leafs",5,2,3,5,2,"W 1","W","A"
1995-02-12,"Detroit Red Wings",4,4,3,5,3,"T 1","T","A"
1995-02-15,"Dallas Stars",3,1,4,5,3,"W 1","W","A"
1995-02-17,"San Jose Sharks",0,2,4,6,3,"L 1","L","H"
1995-02-18,"Vancouver Canucks",2,6,4,7,3,"L 2","L","H"
1995-02-20,"Vancouver Canucks",2,8,4,8,3,"L 3","L","A"
1995-02-23,"Calgary Flames",3,3,4,8,4,"T 1","T","H"
1995-02-25,"Edmonton Oilers",4,3,5,8,4,"W 1","W","A"
1995-02-28,"Chicago Blackhawks",4,8,5,9,4,"L 1","L","H"
1995-03-04,"Vancouver Canucks",4,5,5,10,4,"L 2","L","H"
1995-03-06,"Dallas Stars",2,8,5,11,4,"L 3","L","A"
1995-03-09,"Chicago Blackhawks",4,3,6,11,4,"W 1","W","A"
1995-03-11,"Winnipeg Jets",4,2,7,11,4,"W 2","W","A"
1995-03-13,"Toronto Maple Leafs",4,1,8,11,4,"W 3","W","A"
1995-03-14,"Detroit Red Wings",2,5,8,12,4,"L 1","L","A"
1995-03-16,"St. Louis Blues",2,2,8,12,5,"T 1","T","H"
1995-03-18,"Toronto Maple Leafs",3,5,8,13,5,"L 1","L","H"
1995-03-20,"St. Louis Blues",5,3,9,13,5,"W 1","W","H"
1995-03-21,"Mighty Ducks of Anaheim",3,3,9,13,6,"T 1","T","A"
1995-03-25,"San Jose Sharks",1,3,9,14,6,"L 1","L","H"
1995-03-26,"San Jose Sharks",7,3,10,14,6,"W 1","W","A"
1995-03-28,"Calgary Flames",5,3,11,14,6,"W 2","W","A"
1995-03-29,"Vancouver Canucks",2,5,11,15,6,"L 1","L","A"
1995-04-01,"Winnipeg Jets",7,7,11,15,7,"T 1","T","H"
1995-04-03,"Edmonton Oilers",7,2,12,15,7,"W 1","W","H"
1995-04-06,"Dallas Stars",3,2,13,15,7,"W 2","W","H"
1995-04-07,"Calgary Flames",4,7,13,16,7,"L 1","L","A"
1995-04-09,"Mighty Ducks of Anaheim",1,5,13,17,7,"L 2","L","A"
1995-04-12,"Calgary Flames",1,4,13,18,7,"L 3","L","H"
1995-04-16,"San Jose Sharks",0,2,13,19,7,"L 4","L","A"
1995-04-17,"Calgary Flames",2,5,13,20,7,"L 5","L","A"
1995-04-19,"Edmonton Oilers",0,2,13,21,7,"L 6","L","A"
1995-04-21,"Edmonton Oilers",3,3,13,21,8,"T 1","T","H"
1995-04-23,"Mighty Ducks of Anaheim",2,2,13,21,9,"T 2","T","H"
1995-04-25,"Detroit Red Wings",5,1,14,21,9,"W 1","W","H"
1995-04-28,"San Jose Sharks",0,4,14,22,9,"L 1","L","A"
1995-04-30,"Mighty Ducks of Anaheim",2,1,15,22,9,"W 1","W","H"
1995-05-02,"Winnipeg Jets",2,1,16,22,9,"W 2","W","A"
1995-05-03,"Chicago Blackhawks",1,5,16,23,9,"L 1","L","A"
1995-10-07,"Colorado Avalanche",4,2,1,0,0,"W 1","W","H"
1995-10-10,"Chicago Blackhawks",6,5,2,0,0,"W 2","OTW","H"
1995-10-12,"Vancouver Canucks",7,7,2,0,1,"T 1","T","H"
1995-10-15,"Vancouver Canucks",3,3,2,0,2,"T 2","T","A"
1995-10-18,"Philadelphia Flyers",1,1,2,0,3,"T 3","T","H"
1995-10-20,"Washington Capitals",7,4,3,0,3,"W 1","W","A"
1995-10-21,"Pittsburgh Penguins",3,2,4,0,3,"W 2","OTW","A"
1995-10-23,"Montreal Canadiens",3,6,4,1,3,"L 1","L","A"
1995-10-26,"Ottawa Senators",4,5,4,2,3,"L 2","L","A"
1995-10-28,"Toronto Maple Leafs",2,2,4,2,4,"T 1","T","A"
1995-10-31,"Calgary Flames",1,2,4,3,4,"L 1","L","H"
1995-11-02,"New York Rangers",5,3,5,3,4,"W 1","W","H"
1995-11-04,"New Jersey Devils",2,4,5,4,4,"L 1","L","H"
1995-11-07,"St. Louis Blues",1,0,6,4,4,"W 1","W","A"
1995-11-08,"Dallas Stars",3,3,6,4,5,"T 1","T","A"
1995-11-11,"Pittsburgh Penguins",3,2,7,4,5,"W 1","W","H"
1995-11-13,"Mighty Ducks of Anaheim",4,2,8,4,5,"W 2","W","A"
1995-11-14,"Detroit Red Wings",5,6,8,5,5,"L 1","L","H"
1995-11-16,"New York Islanders",9,2,9,5,5,"W 1","W","H"
1995-11-18,"Florida Panthers",3,2,10,5,5,"W 2","W","H"
1995-11-21,"Philadelphia Flyers",2,5,10,6,5,"L 1","L","A"
1995-11-22,"New York Islanders",2,5,10,7,5,"L 2","L","A"
1995-11-24,"Boston Bruins",1,2,10,8,5,"L 3","L","A"
1995-11-26,"Florida Panthers",1,5,10,9,5,"L 4","L","A"
1995-11-27,"Tampa Bay Lightning",0,2,10,10,5,"L 5","L","A"
1995-11-30,"Washington Capitals",3,2,11,10,5,"W 1","W","H"
1995-12-02,"Dallas Stars",2,2,11,10,6,"T 1","T","H"
1995-12-06,"Winnipeg Jets",6,3,12,10,6,"W 1","W","H"
1995-12-09,"St. Louis Blues",1,2,12,11,6,"L 1","L","H"
1995-12-11,"Calgary Flames",2,6,12,12,6,"L 2","L","A"
1995-12-13,"Ottawa Senators",6,2,13,12,6,"W 1","W","H"
1995-12-16,"Toronto Maple Leafs",3,6,13,13,6,"L 1","L","H"
1995-12-20,"Vancouver Canucks",2,2,13,13,7,"T 1","T","H"
1995-12-22,"San Jose Sharks",3,4,13,14,7,"L 1","L","A"
1995-12-23,"Colorado Avalanche",2,2,13,14,8,"T 1","T","H"
1995-12-27,"Mighty Ducks of Anaheim",7,1,14,14,8,"W 1","W","H"
1995-12-29,"Edmonton Oilers",4,5,14,15,8,"L 1","OTL","A"
1995-12-31,"Mighty Ducks of Anaheim",2,2,14,15,9,"T 1","T","A"
1996-01-03,"Winnipeg Jets",4,5,14,16,9,"L 1","L","H"
1996-01-05,"San Jose Sharks",5,2,15,16,9,"W 1","W","A"
1996-01-06,"San Jose Sharks",7,5,16,16,9,"W 2","W","H"
1996-01-08,"Dallas Stars",4,4,16,16,10,"T 1","T","A"
1996-01-10,"Toronto Maple Leafs",4,5,16,17,10,"L 1","L","A"
1996-01-12,"Detroit Red Wings",2,3,16,18,10,"L 2","L","A"
1996-01-14,"Chicago Blackhawks",2,5,16,19,10,"L 3","L","A"
1996-01-16,"Calgary Flames",5,5,16,19,11,"T 1","T","H"
1996-01-22,"New York Rangers",1,3,16,20,11,"L 1","L","A"
1996-01-23,"New Jersey Devils",1,3,16,21,11,"L 2","L","A"
1996-01-25,"Hartford Whalers",2,8,16,22,11,"L 3","L","A"
1996-01-27,"Mighty Ducks of Anaheim",5,4,17,22,11,"W 1","W","H"
1996-01-31,"Hartford Whalers",4,6,17,23,11,"L 1","L","H"
1996-02-01,"San Jose Sharks",6,6,17,23,12,"T 1","T","A"
1996-02-03,"Calgary Flames",1,2,17,24,12,"L 1","L","A"
1996-02-06,"Chicago Blackhawks",2,5,17,25,12,"L 2","L","H"
1996-02-08,"Toronto Maple Leafs",4,3,18,25,12,"W 1","W","H"
1996-02-10,"San Jose Sharks",1,6,18,26,12,"L 1","L","H"
1996-02-13,"Detroit Red Wings",4,9,18,27,12,"L 2","L","A"
1996-02-14,"Buffalo Sabres",2,2,18,27,13,"T 1","T","A"
1996-02-17,"Mighty Ducks of Anaheim",1,2,18,28,13,"L 1","OTL","H"
1996-02-19,"Boston Bruins",3,3,18,28,14,"T 1","T","H"
1996-02-21,"Edmonton Oilers",2,7,18,29,14,"L 1","L","A"
1996-02-23,"Colorado Avalanche",2,6,18,30,14,"L 2","L","A"
1996-02-24,"St. Louis Blues",2,2,18,30,15,"T 1","T","A"
1996-02-26,"Winnipeg Jets",3,4,18,31,15,"L 1","L","A"
1996-02-29,"Vancouver Canucks",2,2,26,24,12,"T 2","T","A"
1996-03-03,"Edmonton Oilers",4,3,27,24,12,"W 1","W","A"
1996-03-05,"Florida Panthers",2,0,28,24,12,"W 2","W","H"
1996-03-07,"Calgary Flames",2,4,28,25,12,"L 1","L","H"
1996-03-09,"Hartford Whalers",6,3,29,25,12,"W 1","W","H"
1996-03-12,"Calgary Flames",2,4,29,26,12,"L 1","L","A"
1996-03-15,"San Jose Sharks",4,2,30,26,12,"W 1","W","A"
1996-03-17,"Mighty Ducks of Anaheim",1,5,30,27,12,"L 1","L","A"
1996-03-18,"Los Angeles Kings",3,1,31,27,12,"W 1","W","A"
1996-03-20,"Dallas Stars",1,2,31,28,12,"L 1","L","A"
1996-03-22,"Mighty Ducks of Anaheim",1,6,31,29,12,"L 2","L","H"
1996-03-24,"Detroit Red Wings",2,2,31,29,13,"T 1","T","H"
1996-03-26,"Pittsburgh Penguins",4,8,31,30,13,"L 1","L","A"
1996-03-28,"New Jersey Devils",4,4,31,30,14,"T 1","T","H"
1996-03-31,"Detroit Red Wings",1,8,31,31,14,"L 1","L","A"
1996-04-03,"Colorado Avalanche",6,3,32,31,14,"W 1","W","A"
1996-04-04,"Toronto Maple Leafs",1,3,32,32,14,"L 1","L","H"
1996-04-06,"Toronto Maple Leafs",1,5,32,33,14,"L 2","L","A"
1996-04-08,"Winnipeg Jets",2,2,32,33,15,"T 1","T","H"
1996-04-11,"Colorado Avalanche",2,3,32,34,15,"L 1","L","H"
1996-04-14,"Chicago Blackhawks",2,2,32,34,16,"T 1","T","A"
1996-10-05,"Boston Bruins",4,4,0,0,1,"T 1","T","A"
1996-10-06,"Florida Panthers",2,5,0,1,1,"L 1","L","H"
1996-10-08,"Florida Panthers",1,1,0,1,2,"T 1","T","A"
1996-10-10,"Dallas Stars",1,2,0,2,2,"L 1","L","H"
1996-10-12,"Montreal Canadiens",2,5,0,3,2,"L 2","L","A"
1996-10-14,"Calgary Flames",5,4,1,3,2,"W 1","W","H"
1996-10-16,"Pittsburgh Penguins",8,1,2,3,2,"W 2","W","H"
1996-10-18,"St. Louis Blues",2,1,3,3,2,"W 3","W","H"
1996-10-20,"Tampa Bay Lightning",2,5,3,4,2,"L 1","L","A"
1996-10-23,"Washington Capitals",2,3,3,5,2,"L 2","L","H"
1996-10-25,"Florida Panthers",4,6,3,6,2,"L 3","L","A"
1996-10-27,"Buffalo Sabres",6,4,4,6,2,"W 1","W","H"
1996-10-29,"Florida Panthers",1,1,4,6,3,"T 1","T","H"
1996-10-30,"New Jersey Devils",6,1,5,6,3,"W 1","W","A"
1996-11-02,"Boston Bruins",5,2,6,6,3,"W 2","W","A"
1996-11-04,"Tampa Bay Lightning",3,5,6,7,3,"L 1","L","H"
1996-11-06,"New York Islanders",1,1,6,7,4,"T 1","T","A"
1996-11-09,"Washington Capitals",2,3,6,8,4,"L 1","L","A"
1996-11-11,"Vancouver Canucks",2,3,6,9,4,"L 2","L","H"
1996-11-13,"Philadelphia Flyers",1,2,6,10,4,"L 3","L","H"
1996-11-16,"Pittsburgh Penguins",8,3,7,10,4,"W 1","W","A"
1996-11-18,"Calgary Flames",3,5,7,11,4,"L 1","L","A"
1996-11-21,"Edmonton Oilers",2,3,7,12,4,"L 2","L","A"
1996-11-23,"Vancouver Canucks",3,5,7,13,4,"L 3","L","A"
1996-11-26,"Phoenix Coyotes",3,1,8,13,4,"W 1","W","A"
1996-11-27,"Colorado Avalanche",5,2,9,13,4,"W 2","W","A"
1996-12-01,"Montreal Canadiens",6,2,10,13,4,"W 3","W","H"
1996-12-04,"Philadelphia Flyers",1,1,10,13,5,"T 1","T","H"
1996-12-06,"Toronto Maple Leafs",6,5,11,13,5,"W 1","W","H"
1996-12-07,"Toronto Maple Leafs",4,0,12,13,5,"W 2","W","A"
1996-12-09,"Phoenix Coyotes",5,2,13,13,5,"W 3","W","H"
1996-12-11,"New York Islanders",3,5,13,14,5,"L 1","L","H"
1996-12-13,"Buffalo Sabres",3,0,14,14,5,"W 1","W","A"
1996-12-16,"Hartford Whalers",5,2,15,14,5,"W 2","W","H"
1996-12-18,"Los Angeles Kings",4,0,16,14,5,"W 3","W","H"
1996-12-21,"Montreal Canadiens",3,2,17,14,5,"W 4","OTW","A"
1996-12-22,"Florida Panthers",7,3,18,14,5,"W 5","W","H"
1996-12-26,"Ottawa Senators",2,5,18,15,5,"L 1","L","A"
1996-12-27,"Mighty Ducks of Anaheim",3,2,19,15,5,"W 1","W","H"
1996-12-30,"Dallas Stars",3,2,20,15,5,"W 2","W","A"
1996-12-31,"Tampa Bay Lightning",2,4,20,16,5,"L 1","L","A"
1997-01-02,"New York Islanders",4,3,21,16,5,"W 1","W","H"
1997-01-04,"Ottawa Senators",6,4,22,16,5,"W 2","W","H"
1997-01-06,"Colorado Avalanche",2,2,22,16,6,"T 1","T","H"
1997-01-08,"Tampa Bay Lightning",3,4,22,17,6,"L 1","L","H"
1997-01-09,"Washington Capitals",0,2,22,18,6,"L 2","L","A"
1997-01-12,"New Jersey Devils",3,0,23,18,6,"W 1","W","H"
1997-01-13,"New York Islanders",2,4,23,19,6,"L 1","L","H"
1997-01-21,"Edmonton Oilers",4,4,23,19,7,"T 1","T","H"
1997-01-22,"Washington Capitals",5,3,24,19,7,"W 1","W","A"
1997-01-25,"Pittsburgh Penguins",7,4,25,19,7,"W 2","W","A"
1997-01-27,"Chicago Blackhawks",1,2,25,20,7,"L 1","L","H"
1997-02-01,"Philadelphia Flyers",4,2,26,20,7,"W 1","W","A"
1997-02-02,"Boston Bruins",2,3,26,21,7,"L 1","L","H"
1997-02-05,"Hartford Whalers",5,2,27,21,7,"W 1","W","H"
1997-02-08,"New York Islanders",5,2,28,21,7,"W 2","W","A"
1997-02-09,"Florida Panthers",3,4,28,22,7,"L 1","L","A"
1997-02-13,"St. Louis Blues",1,4,28,23,7,"L 2","L","A"
1997-02-15,"Chicago Blackhawks",0,2,28,24,7,"L 3","L","A"
1997-02-17,"New Jersey Devils",2,2,28,24,8,"T 1","T","H"
1997-02-19,"New Jersey Devils",1,1,28,24,9,"T 2","T","A"
1997-02-21,"Hartford Whalers",2,7,28,25,9,"L 1","L","A"
1997-02-23,"Philadelphia Flyers",1,2,28,26,9,"L 2","L","A"
1997-03-01,"Detroit Red Wings",0,3,28,27,9,"L 3","L","A"
1997-03-03,"San Jose Sharks",5,4,29,27,9,"W 1","OTW","H"
1997-03-06,"Los Angeles Kings",6,2,30,27,9,"W 2","W","A"
1997-03-07,"Mighty Ducks of Anaheim",2,5,30,28,9,"L 1","L","A"
1997-03-09,"San Jose Sharks",2,1,31,28,9,"W 1","W","A"
1997-03-12,"Washington Capitals",3,2,32,28,9,"W 2","W","H"
1997-03-14,"Ottawa Senators",4,3,33,28,9,"W 3","OTW","A"
1997-03-17,"Ottawa Senators",3,4,33,29,9,"L 1","L","H"
1997-03-19,"Montreal Canadiens",4,5,33,30,9,"L 2","L","H"
1997-03-21,"Detroit Red Wings",3,1,34,30,9,"W 1","W","H"
1997-03-24,"Pittsburgh Penguins",3,0,35,30,9,"W 2","W","H"
1997-03-27,"New Jersey Devils",0,4,35,31,9,"L 1","L","A"
1997-03-29,"Hartford Whalers",1,2,35,32,9,"L 2","L","A"
1997-04-01,"Buffalo Sabres",1,1,35,32,10,"T 1","T","H"
1997-04-03,"Boston Bruins",5,4,36,32,10,"W 1","W","H"
1997-04-04,"Buffalo Sabres",1,5,36,33,10,"L 1","L","A"
1997-04-07,"Philadelphia Flyers",3,2,37,33,10,"W 1","W","H"
1997-04-10,"Philadelphia Flyers",6,3,38,33,10,"W 2","W","A"
1997-04-11,"Tampa Bay Lightning",2,4,38,34,10,"L 1","L","H"
1997-10-03,"New York Islanders",2,2,0,0,1,"T 1","T","H"
1997-10-05,"Los Angeles Kings",2,2,0,0,2,"T 2","T","H"
1997-10-08,"Edmonton Oilers",3,3,0,0,3,"T 3","T","A"
1997-10-09,"Calgary Flames",1,1,0,0,4,"T 4","T","A"
1997-10-11,"Vancouver Canucks",6,3,1,0,4,"W 1","W","A"
1997-10-14,"Pittsburgh Penguins",0,1,1,1,4,"L 1","L","H"
1997-10-15,"Ottawa Senators",1,5,1,2,4,"L 2","L","A"
1997-10-18,"St. Louis Blues",3,5,1,3,4,"L 3","L","A"
1997-10-20,"Carolina Hurricanes",4,2,2,3,4,"W 1","W","H"
1997-10-22,"Chicago Blackhawks",0,1,2,4,4,"L 1","L","H"
1997-10-24,"Tampa Bay Lightning",4,3,3,4,4,"W 1","W","H"
1997-10-26,"Mighty Ducks of Anaheim",3,3,3,4,5,"T 1","T","H"
1997-10-28,"Dallas Stars",2,3,3,5,5,"L 1","L","H"
1997-10-30,"New York Islanders",3,5,3,6,5,"L 2","L","A"
1997-11-03,"Edmonton Oilers",2,2,3,6,6,"T 1","T","H"
1997-11-05,"Colorado Avalanche",4,2,4,6,6,"W 1","W","A"
1997-11-07,"Dallas Stars",2,2,4,6,7,"T 1","T","A"
1997-11-12,"New Jersey Devils",2,3,4,7,7,"L 1","L","H"
1997-11-14,"Pittsburgh Penguins",3,1,5,7,7,"W 1","W","H"
1997-11-16,"Colorado Avalanche",4,1,6,7,7,"W 2","W","H"
1997-11-18,"Florida Panthers",3,1,7,7,7,"W 3","W","A"
1997-11-19,"Tampa Bay Lightning",3,6,7,8,7,"L 1","L","A"
1997-11-21,"Carolina Hurricanes",4,3,8,8,7,"W 1","W","A"
1997-11-22,"Pittsburgh Penguins",3,4,8,9,7,"L 1","OTL","A"
1997-11-25,"Vancouver Canucks",2,4,8,10,7,"L 2","L","H"
1997-11-26,"New York Islanders",1,4,8,11,7,"L 3","L","A"
1997-11-28,"Buffalo Sabres",3,3,8,11,8,"T 1","T","A"
1997-11-30,"Florida Panthers",1,1,8,11,9,"T 2","T","H"
1997-12-02,"Washington Capitals",2,3,8,12,9,"L 1","OTL","H"
1997-12-05,"Philadelphia Flyers",4,4,8,12,10,"T 1","T","H"
1997-12-06,"Montreal Canadiens",3,3,8,12,11,"T 2","T","A"
1997-12-08,"Phoenix Coyotes",3,1,9,12,11,"W 1","W","H"
1997-12-10,"Calgary Flames",1,4,9,13,11,"L 1","L","H"
1997-12-12,"Florida Panthers",3,4,9,14,11,"L 2","L","H"
1997-12-16,"New Jersey Devils",3,4,9,15,11,"L 3","L","A"
1997-12-17,"Florida Panthers",4,2,10,15,11,"W 1","W","A"
1997-12-20,"Tampa Bay Lightning",2,2,10,15,12,"T 1","T","A"
1997-12-21,"Buffalo Sabres",0,2,10,16,12,"L 1","L","H"
1997-12-23,"Tampa Bay Lightning",4,1,11,16,12,"W 1","W","H"
1997-12-26,"Buffalo Sabres",0,3,11,17,12,"L 1","L","A"
1997-12-28,"Boston Bruins",4,3,12,17,12,"W 1","W","H"
1997-12-31,"Tampa Bay Lightning",0,2,12,18,12,"L 1","L","A"
1998-01-03,"Washington Capitals",3,2,13,18,12,"W 1","W","A"
1998-01-06,"Carolina Hurricanes",4,2,14,18,12,"W 2","W","H"
1998-01-08,"Washington Capitals",3,5,14,19,12,"L 1","L","H"
1998-01-12,"Toronto Maple Leafs",3,2,15,19,12,"W 1","W","H"
1998-01-14,"New Jersey Devils",1,4,15,20,12,"L 1","L","A"
1998-01-20,"St. Louis Blues",3,1,16,20,12,"W 1","W","H"
1998-01-22,"Philadelphia Flyers",3,4,16,21,12,"L 1","L","H"
1998-01-24,"New Jersey Devils",3,3,16,21,13,"T 1","T","H"
1998-01-26,"Washington Capitals",2,2,16,21,14,"T 2","T","H"
1998-01-29,"Ottawa Senators",2,2,16,21,15,"T 3","T","A"
1998-01-31,"Boston Bruins",2,4,16,22,15,"L 1","L","A"
1998-02-02,"San Jose Sharks",3,2,17,22,15,"W 1","W","A"
1998-02-04,"Mighty Ducks of Anaheim",2,3,17,23,15,"L 1","L","A"
1998-02-05,"Los Angeles Kings",1,3,17,24,15,"L 2","L","A"
1998-02-07,"Phoenix Coyotes",1,1,17,24,16,"T 1","T","A"
1998-02-26,"Toronto Maple Leafs",5,2,18,24,16,"W 1","W","A"
1998-02-28,"Philadelphia Flyers",1,3,18,25,16,"L 1","L","H"
1998-03-02,"Buffalo Sabres",0,1,18,26,16,"L 2","L","H"
1998-03-04,"Florida Panthers",4,3,19,26,16,"W 1","W","A"
1998-03-07,"New Jersey Devils",3,6,19,27,16,"L 1","L","A"
1998-03-09,"New Jersey Devils",2,2,19,27,17,"T 1","T","H"
1998-03-11,"San Jose Sharks",5,3,20,27,17,"W 1","W","H"
1998-03-12,"Montreal Canadiens",1,4,20,28,17,"L 1","L","A"
1998-03-14,"Boston Bruins",1,5,20,29,17,"L 2","L","A"
1998-03-16,"Ottawa Senators",5,4,21,29,17,"W 1","W","H"
1998-03-18,"Montreal Canadiens",2,1,22,29,17,"W 2","OTW","H"
1998-03-21,"Detroit Red Wings",3,4,22,30,17,"L 1","L","H"
1998-03-22,"Philadelphia Flyers",4,5,22,31,17,"L 2","OTL","A"
1998-03-25,"Ottawa Senators",2,3,22,32,17,"L 3","OTL","H"
1998-03-26,"Carolina Hurricanes",1,4,22,33,17,"L 4","L","A"
1998-03-28,"Pittsburgh Penguins",2,2,22,33,18,"T 1","T","A"
1998-03-30,"Tampa Bay Lightning",1,3,22,34,18,"L 1","L","H"
1998-04-01,"Boston Bruins",2,4,22,35,18,"L 2","L","H"
1998-04-04,"New York Islanders",0,3,22,36,18,"L 3","L","A"
1998-04-05,"Chicago Blackhawks",2,1,23,36,18,"W 1","OTW","A"
1998-04-07,"Montreal Canadiens",2,3,23,37,18,"L 1","L","H"
1998-04-11,"Detroit Red Wings",2,5,23,38,18,"L 2","L","A"
1998-04-14,"Washington Capitals",1,3,23,39,18,"L 3","L","A"
1998-04-15,"New York Islanders",4,2,24,39,18,"W 1","W","H"
1998-04-18,"Philadelphia Flyers",2,1,25,39,18,"W 2","W","A"
1998-10-09,"Philadelphia Flyers",0,1,0,1,0,"L 1","L","H"
1998-10-10,"Montreal Canadiens",1,7,0,2,0,"L 2","L","A"
1998-10-12,"St. Louis Blues",2,4,0,3,0,"L 3","L","H"
1998-10-16,"New Jersey Devils",1,2,0,4,0,"L 4","L","H"
1998-10-17,"Pittsburgh Penguins",3,3,0,4,1,"T 1","T","A"
1998-10-20,"Edmonton Oilers",3,2,1,4,1,"W 1","W","H"
1998-10-22,"New York Islanders",3,2,2,4,1,"W 2","W","H"
1998-10-24,"Philadelphia Flyers",2,2,2,4,2,"T 1","T","A"
1998-10-27,"Buffalo Sabres",0,0,2,4,3,"T 2","T","H"
1998-10-30,"Carolina Hurricanes",1,0,3,4,3,"W 1","W","H"
1998-11-03,"New Jersey Devils",1,3,3,5,3,"L 1","L","A"
1998-11-04,"Montreal Canadiens",1,4,3,6,3,"L 2","L","H"
1998-11-07,"Toronto Maple Leafs",6,6,3,6,4,"T 1","T","A"
1998-11-10,"Tampa Bay Lightning",10,2,4,6,4,"W 1","W","A"
1998-11-11,"Florida Panthers",1,4,4,7,4,"L 1","L","A"
1998-11-13,"Boston Bruins",3,3,4,7,5,"T 1","T","H"
1998-11-18,"Mighty Ducks of Anaheim",1,3,4,8,5,"L 1","L","A"
1998-11-19,"Los Angeles Kings",5,1,5,8,5,"W 1","W","A"
1998-11-21,"San Jose Sharks",2,2,5,8,6,"T 1","T","A"
1998-11-25,"Buffalo Sabres",2,4,5,9,6,"L 1","L","A"
1998-11-27,"Pittsburgh Penguins",2,2,5,9,7,"T 1","T","A"
1998-11-29,"Nashville Predators",5,1,6,9,7,"W 1","W","H"
1998-12-01,"Florida Panthers",5,4,7,9,7,"W 2","OTW","H"
1998-12-02,"New York Islanders",3,2,8,9,7,"W 3","W","A"
1998-12-05,"Ottawa Senators",2,1,9,9,7,"W 4","W","A"
1998-12-07,"Toronto Maple Leafs",6,2,10,9,7,"W 5","W","H"
1998-12-09,"Colorado Avalanche",1,2,10,10,7,"L 1","L","H"
1998-12-11,"Buffalo Sabres",0,2,10,11,7,"L 2","L","A"
1998-12-14,"Calgary Flames",5,2,11,11,7,"W 1","W","H"
1998-12-16,"New Jersey Devils",3,6,11,12,7,"L 1","L","A"
1998-12-19,"Toronto Maple Leafs",4,7,11,13,7,"L 2","L","A"
1998-12-23,"Carolina Hurricanes",0,1,11,14,7,"L 3","L","H"
1998-12-26,"Carolina Hurricanes",6,3,12,14,7,"W 1","W","A"
1998-12-30,"Phoenix Coyotes",1,3,12,15,7,"L 1","L","A"
1998-12-31,"Colorado Avalanche",6,3,13,15,7,"W 1","W","A"
1999-01-02,"St. Louis Blues",1,0,14,15,7,"W 2","W","A"
1999-01-04,"San Jose Sharks",4,3,15,15,7,"W 3","W","H"
1999-01-06,"New Jersey Devils",2,5,15,16,7,"L 1","L","H"
1999-01-07,"Washington Capitals",1,5,15,17,7,"L 2","L","A"
1999-01-10,"Tampa Bay Lightning",5,2,16,17,7,"W 1","W","H"
1999-01-13,"New York Islanders",4,3,17,17,7,"W 2","OTW","H"
1999-01-15,"Chicago Blackhawks",1,3,17,18,7,"L 1","L","H"
1999-01-16,"Montreal Canadiens",0,3,17,19,7,"L 2","L","A"
1999-01-19,"Ottawa Senators",1,2,17,20,7,"L 3","L","H"
1999-01-21,"Florida Panthers",1,2,17,21,7,"L 4","L","H"
1999-01-26,"Washington Capitals",4,1,18,21,7,"W 1","W","A"
1999-01-28,"Carolina Hurricanes",2,3,18,22,7,"L 1","OTL","A"
1999-01-30,"Detroit Red Wings",3,2,19,22,7,"W 1","W","A"
1999-02-01,"Washington Capitals",1,3,19,23,7,"L 1","L","H"
1999-02-04,"Vancouver Canucks",8,4,20,23,7,"W 1","W","H"
1999-02-07,"Boston Bruins",2,3,20,24,7,"L 1","L","A"
1999-02-12,"Carolina Hurricanes",1,3,20,25,7,"L 2","L","H"
1999-02-14,"Detroit Red Wings",2,4,20,26,7,"L 3","L","H"
1999-02-15,"Nashville Predators",7,4,21,26,7,"W 1","W","A"
1999-02-17,"Montreal Canadiens",3,6,21,27,7,"L 1","L","H"
1999-02-19,"Pittsburgh Penguins",6,1,22,27,7,"W 1","W","H"
1999-02-21,"Edmonton Oilers",2,1,23,27,7,"W 2","OTW","A"
1999-02-22,"Calgary Flames",2,6,23,28,7,"L 1","L","A"
1999-02-26,"Phoenix Coyotes",3,0,24,28,7,"W 1","W","H"
1999-02-28,"Philadelphia Flyers",6,5,25,28,7,"W 2","W","H"
1999-03-02,"Dallas Stars",2,2,25,28,8,"T 1","T","H"
1999-03-04,"Washington Capitals",4,2,26,28,8,"W 1","W","A"
1999-03-07,"Boston Bruins",3,1,27,28,8,"W 2","W","A"
1999-03-08,"Toronto Maple Leafs",3,2,28,28,8,"W 3","OTW","H"
1999-03-10,"Ottawa Senators",0,3,28,29,8,"L 1","L","H"
1999-03-12,"Boston Bruins",4,5,28,30,8,"L 2","L","H"
1999-03-14,"New York Islanders",3,2,29,30,8,"W 1","OTW","A"
1999-03-15,"Washington Capitals",1,1,29,30,9,"T 1","T","H"
1999-03-19,"Buffalo Sabres",2,3,29,31,9,"L 1","OTL","H"
1999-03-21,"Pittsburgh Penguins",2,2,29,31,10,"T 1","T","H"
1999-03-22,"Tampa Bay Lightning",3,6,29,32,10,"L 1","L","A"
1999-03-24,"Florida Panthers",2,1,30,32,10,"W 1","W","A"
1999-03-27,"Philadelphia Flyers",1,3,30,33,10,"L 1","L","A"
1999-03-29,"New York Islanders",3,1,31,33,10,"W 1","W","H"
1999-04-02,"Mighty Ducks of Anaheim",1,4,31,34,10,"L 1","L","H"
1999-04-04,"New Jersey Devils",1,4,31,35,10,"L 2","L","A"
1999-04-05,"Philadelphia Flyers",5,1,32,35,10,"W 1","W","A"
1999-04-08,"Chicago Blackhawks",2,6,32,36,10,"L 1","L","A"
1999-04-09,"Dallas Stars",1,3,32,37,10,"L 2","L","A"
1999-04-12,"Tampa Bay Lightning",2,1,33,37,10,"W 1","W","H"
1999-04-15,"Ottawa Senators",2,2,33,37,11,"T 1","T","A"
1999-04-18,"Pittsburgh Penguins",1,2,33,38,11,"L 1","OTL","H"
